id,timefirst,timelast,timelocal,latitude,longitude,altitude,speed,city,country,placement,versionsw,versionhw,status,mobile,detector,factor,detector2,factor2,note,picture,aqi,owner,errors,faulty,param_temperature,avg_temperature,last_temperature,param_pressure,avg_pressure,last_pressure,param_humidity,avg_humidity,last_humidity,param_voc,avg_voc,last_voc,param_vocaqi,avg_vocaqi,last_vocaqi,param_noise,avg_noise,last_noise,param_co2,avg_co2,last_co2,param_ch2o,avg_ch2o,last_ch2o,param_o3,avg_o3,last_o3,param_pm1,avg_pm1,last_pm1,param_pm25,avg_pm25,last_pm25,param_pm10,avg_pm10,last_pm10
82000263,1591646750,1790454809,22800,47.165456,27.590467,40,,Iasi,RO,1,76,108,1.0,,SI29BG,0.01,SI29BG,0.01,\0Bd.Independentei-Str.Sarariei,,2.0,6745,,,"['Temperature', '°C']",15.16,14.55,"['Pressure', 'Pa']",101842,101850.0,"['Humidity', '%RH']",73.42,74.60,"['VOC', 'Ohm']",1242102,1157139.0,"['VOCAQI', 'aqi']",391,405,"['Noise', 'dB']",97.91,97.00,"['CarbonDioxide', 'ppm']",400,400.0,"['Formaldehyde', 'ppb']",0,0.0,"['Ozone', 'ppb']",0.0,0.0,"['PM1.0', 'µg/m³']",12.0,14.0,"['PM2.5', 'µg/m³']",15.0,17.0,"['PM10', 'µg/m³']",18.0,19.0
82000264,1591647881,1783909145,3000,47.134354,27.572893,40,,Iasi,RO,1,76,108,,,SI29BG,0.01,SI29BG,0.01,Sos.Nicolina-Bd.Poitiers(Selgros),https://www.uradmonitor.com/wp-content/uploads/2020/07/82000264.jpg,1.0,6745,,,"['Temperature', '°C']",18.71,18.59,"['Pressure', 'Pa']",100775,100798.0,"['Humidity', '%RH']",80.37,79.60,"['VOC', 'Ohm']",1697349,1540566.0,"['VOCAQI', 'aqi']",397,420,"['Noise', 'dB']",98.00,98.00,"['CarbonDioxide', 'ppm']",400,400.0,"['Formaldehyde', 'ppb']",0,0.0,"['Ozone', 'ppb']",0.0,0.0,"['PM1.0', 'µg/m³']",2.0,2.0,"['PM2.5', 'µg/m³']",4.0,4.0,"['PM10', 'µg/m³']",4.0,4.0
82000265,1591645907,1790454854,3000,47.168439,27.57696,100,,Iasi,RO,1,76,108,1.0,,SI29BG,0.01,SI29BG,0.01,PiataM.Eminescu(vis-avisdeCoriolan),,1.0,6745,,,"['Temperature', '°C']",18.78,18.56,"['Pressure', 'Pa']",101810,101816.0,"['Humidity', '%RH']",63.87,64.60,"['VOC', 'Ohm']",1330198,1294688.0,"['VOCAQI', 'aqi']",372,379,"['Noise', 'dB']",98.00,98.00,"['CarbonDioxide', 'ppm']",400,400.0,"['Formaldehyde', 'ppb']",0,0.0,"['Ozone', 'ppb']",0.0,0.0,"['PM1.0', 'µg/m³']",4.0,5.0,"['PM2.5', 'µg/m³']",6.0,7.0,"['PM10', 'µg/m³']",6.0,8.0
82000266,1591649779,1781539703,10800,47.166923,27.59438,100,,Iasi,RO,1,76,108,,,SI29BG,0.01,SI29BG,0.01,\0Bd.C.A.Rosetti-Bd.T.Vladimirescu-Str.Eternitate(PodudeFier),,1.0,6745,,,"['Temperature', '°C']",29.53,29.98,"['Pressure', 'Pa']",100547,100549.0,"['Humidity', '%RH']",49.00,48.60,"['VOC', 'Ohm']",9350233,9753001.0,"['VOCAQI', 'aqi']",73,65,"['Noise', 'dB']",99.00,99.00,"['CarbonDioxide', 'ppm']",400,400.0,"['Formaldehyde', 'ppb']",0,0.0,"['Ozone', 'ppb']",0.0,0.0,"['PM1.0', 'µg/m³']",1.0,1.0,"['PM2.5', 'µg/m³']",2.0,2.0,"['PM10', 'µg/m³']",2.0,2.0
82000267,1591685575,1790454925,17700,47.155108,27.604368,40,,Iasi,RO,1,76,108,1.0,,SI29BG,0.01,SI29BG,0.01,\0IuliusMall,,1.0,6745,,,"['Temperature', '°C']",15.66,15.46,"['Pressure', 'Pa']",102281,102287.0,"['Humidity', '%RH']",74.40,75.60,"['VOC', 'Ohm']",1011504,992926.0,"['VOCAQI', 'aqi']",422,426,"['Noise', 'dB']",98.00,98.00,"['CarbonDioxide', 'ppm']",405,402.0,"['Formaldehyde', 'ppb']",0,0.0,"['Ozone', 'ppb']",0.0,0.0,"['PM1.0', 'µg/m³']",6.0,6.0,"['PM2.5', 'µg/m³']",8.0,8.0,"['PM10', 'µg/m³']",8.0,9.0
82000268,1591690167,1790454870,2700,47.16315,27.564541,40,,Iasi,RO,1,76,108,1.0,,SI29BG,0.01,SI29BG,0.01,\0Bd.AlexandruCelBun(PiataVoievozilor),,1.0,6745,,,"['Temperature', '°C']",17.06,15.79,"['Pressure', 'Pa']",102256,102282.0,"['Humidity', '%RH']",68.55,71.60,"['VOC', 'Ohm']",3232372,2650620.0,"['VOCAQI', 'aqi']",352,387,"['Noise', 'dB']",99.00,99.00,"['CarbonDioxide', 'ppm']",400,400.0,"['Formaldehyde', 'ppb']",0,0.0,"['Ozone', 'ppb']",0.0,0.0,"['PM1.0', 'µg/m³']",5.0,5.0,"['PM2.5', 'µg/m³']",7.0,7.0,"['PM10', 'µg/m³']",7.0,8.0
82000269,1591691122,1790454916,21000,47.175735,27.571464,120,,Iasi,RO,1,76,108,1.0,,SI29BG,0.01,SI29BG,0.01,\0Bd.CarolI-Str.Gh.Asachi,,2.0,6745,,,"['Temperature', '°C']",-4.50,-4.50,"['Pressure', 'Pa']",65536,65536.0,"['Humidity', '%RH']",20.00,20.00,"['VOC', 'Ohm']",848670,842646.0,"['VOCAQI', 'aqi']",434,436,"['Noise', 'dB']",97.00,97.00,"['CarbonDioxide', 'ppm']",400,400.0,"['Formaldehyde', 'ppb']",0,0.0,"['Ozone', 'ppb']",0.0,0.0,"['PM1.0', 'µg/m³']",11.0,8.0,"['PM2.5', 'µg/m³']",15.0,11.0,"['PM10', 'µg/m³']",17.0,12.0
8200026A,1591723499,1790454968,34200,47.123312,27.566868,40,,Iasi,RO,1,76,108,1.0,,SI29BG,0.01,SI29BG,0.01,\0Sos.Nicolina-AleeaT.Neculai(rondtramvai),https://www.uradmonitor.com/wp-content/uploads/2020/07/8200026A.jpg,1.0,6745,,,"['Temperature', '°C']",14.92,14.93,"['Pressure', 'Pa']",101859,101861.0,"['Humidity', '%RH']",79.60,79.60,"['VOC', 'Ohm']",974927,975705.0,"['VOCAQI', 'aqi']",416,416,"['Noise', 'dB']",98.00,98.00,"['CarbonDioxide', 'ppm']",400,400.0,"['Formaldehyde', 'ppb']",0,0.0,"['Ozone', 'ppb']",0.0,0.0,"['PM1.0', 'µg/m³']",7.0,6.0,"['PM2.5', 'µg/m³']",9.0,8.0,"['PM10', 'µg/m³']",10.0,9.0
8200026B,1591724424,1790454854,21300,47.150944,27.587123,40,,Iasi,RO,1,76,108,1.0,,SI29BG,0.01,SI29BG,0.01,PoduRo?,https://www.uradmonitor.com/wp-content/uploads/2020/07/8200026B.jpg,1.0,6745,,,"['Temperature', '°C']",15.10,14.97,"['Pressure', 'Pa']",102172,102175.0,"['Humidity', '%RH']",78.60,78.60,"['VOC', 'Ohm']",861244,850727.0,"['VOCAQI', 'aqi']",437,440,"['Noise', 'dB']",96.00,96.00,"['CarbonDioxide', 'ppm']",400,400.0,"['Formaldehyde', 'ppb']",0,0.0,"['Ozone', 'ppb']",0.0,0.0,"['PM1.0', 'µg/m³']",10.0,10.0,"['PM2.5', 'µg/m³']",13.0,13.0,"['PM10', 'µg/m³']",14.0,15.0
8200026C,1591732176,1603696626,30000,47.158806,27.600981,55,,Iasi,RO,1,76,108,,,SI29BG,0.01,SI29BG,0.01,Bd.T.Vladimirescu-Str.ElenaDoamna(Bucsinescu),,,6745,,,"['Temperature', '°C']",13.56,,"['Pressure', 'Pa']",101153,,"['Humidity', '%RH']",80.81,,"['VOC', 'Ohm']",36378864,,"['VOCAQI', 'aqi']",0,0,,,,"['CarbonDioxide', 'ppm']",467,,"['Formaldehyde', 'ppb']",0,,"['Ozone', 'ppb']",0.0,,"['PM1.0', 'µg/m³']",33.0,,"['PM2.5', 'µg/m³']",42.0,,"['PM10', 'µg/m³']",47.0,
8200026D,1591736287,1790454927,15600,47.174244,27.551708,40,,Iasi,RO,1,76,108,1.0,,SI29BG,0.01,SI29BG,0.01,Sos.Pacurari-Str.Canta(langarestMoaradeFoc),,1.0,6745,,,"['Temperature', '°C']",14.82,14.18,"['Pressure', 'Pa']",102207,102215.0,"['Humidity', '%RH']",75.80,77.60,"['VOC', 'Ohm']",1059252,994796.0,"['VOCAQI', 'aqi']",426,439,"['Noise', 'dB']",97.26,97.00,"['CarbonDioxide', 'ppm']",400,400.0,"['Formaldehyde', 'ppb']",0,0.0,"['Ozone', 'ppb']",0.0,0.0,,,,,,,,,
8200026E,1591737077,1790454726,39600,47.14717,27.582169,44,,Iasi,RO,1,76,108,1.0,,SI29BG,0.01,SI29BG,0.01,NicolaeIorga-SosNicolina,https://www.uradmonitor.com/wp-content/uploads/2020/07/8200026E.jpg,1.0,6745,,,"['Temperature', '°C']",16.66,15.48,"['Pressure', 'Pa']",102172,102203.0,"['Humidity', '%RH']",72.41,75.60,"['VOC', 'Ohm']",1428257,2024604.0,"['VOCAQI', 'aqi']",198,143,"['Noise', 'dB']",99.00,99.00,"['CarbonDioxide', 'ppm']",400,400.0,"['Formaldehyde', 'ppb']",0,0.0,"['Ozone', 'ppb']",0.0,0.0,"['PM1.0', 'µg/m³']",10.0,12.0,"['PM2.5', 'µg/m³']",13.0,15.0,"['PM10', 'µg/m³']",14.0,17.0
8200026F,1591740898,1790454869,11400,47.166035,27.571083,40,,Iasi,RO,1,76,108,1.0,,SI29BG,0.01,SI29BG,0.01,\0Str.Garii-Silvestru(vis-a-visdeMcDonalds),,1.0,6745,,,"['Temperature', '°C']",17.23,17.13,"['Pressure', 'Pa']",102175,102181.0,"['Humidity', '%RH']",69.60,69.60,"['VOC', 'Ohm']",2387775,2366768.0,"['VOCAQI', 'aqi']",338,340,"['Noise', 'dB']",99.00,99.00,"['CarbonDioxide', 'ppm']",400,400.0,"['Formaldehyde', 'ppb']",0,0.0,"['Ozone', 'ppb']",0.0,0.0,"['PM1.0', 'µg/m³']",8.0,8.0,"['PM2.5', 'µg/m³']",11.0,10.0,"['PM10', 'µg/m³']",12.0,11.0
82000270,1591817242,1790454757,19800,47.153612,27.570708,40,,Iasi,RO,1,76,108,1.0,,SI29BG,0.01,SI29BG,0.01,\0PantelionHalipa-Galata(vis-a-visdebiserica),https://www.uradmonitor.com/wp-content/uploads/2020/07/82000270.jpg,1.0,6745,,,"['Temperature', '°C']",17.99,17.37,"['Pressure', 'Pa']",102268,102278.0,"['Humidity', '%RH']",68.27,69.60,"['VOC', 'Ohm']",3083146,2873200.0,"['VOCAQI', 'aqi']",329,347,"['Noise', 'dB']",99.00,99.00,"['CarbonDioxide', 'ppm']",400,400.0,"['Formaldehyde', 'ppb']",0,0.0,"['Ozone', 'ppb']",0.0,0.0,"['PM1.0', 'µg/m³']",2.0,1.0,"['PM2.5', 'µg/m³']",3.0,2.0,"['PM10', 'µg/m³']",3.0,2.0
82000271,1591820880,1790454808,10500,47.147448,27.59205,40,,Iasi,RO,1,76,108,1.0,,SI29BG,0.01,SI29BG,0.01,\0NicolaeIorga-Socola-Primaverii,,1.0,6745,,,"['Temperature', '°C']",18.06,16.83,"['Pressure', 'Pa']",102211,102234.0,"['Humidity', '%RH']",64.19,68.00,"['VOC', 'Ohm']",884935,791800.0,"['VOCAQI', 'aqi']",382,410,"['Noise', 'dB']",97.81,97.00,"['CarbonDioxide', 'ppm']",400,400.0,"['Formaldehyde', 'ppb']",0,0.0,,,,"['PM1.0', 'µg/m³']",8.0,8.0,"['PM2.5', 'µg/m³']",11.0,11.0,"['PM10', 'µg/m³']",12.0,12.0
82000272,1591823984,1790454264,39900,47.158877,27.585787,40,,Iasi,RO,1,76,108,1.0,,SI29BG,0.01,SI29BG,0.01,\0AnastasiePanu-StefanCelMare-Str.Palat,,1.0,6745,,,"['Temperature', '°C']",17.18,16.65,"['Pressure', 'Pa']",102110,102117.0,"['Humidity', '%RH']",69.47,70.90,"['VOC', 'Ohm']",2343978,2180410.0,"['VOCAQI', 'aqi']",352,366,"['Noise', 'dB']",99.00,99.00,"['CarbonDioxide', 'ppm']",400,400.0,"['Formaldehyde', 'ppb']",0,0.0,"['Ozone', 'ppb']",0.0,0.0,"['PM1.0', 'µg/m³']",8.0,10.0,"['PM2.5', 'µg/m³']",11.0,13.0,"['PM10', 'µg/m³']",13.0,15.0
82000273,1591830779,1790454696,27000,47.172837,27.53304,40,,Iasi,RO,1,76,108,1.0,,SI29BG,0.01,SI29BG,0.01,Sos.Pacurari-Str.Rediu(rondgamalangamazazin),,1.0,6745,,,"['Temperature', '°C']",16.25,15.98,"['Pressure', 'Pa']",102183,102187.0,"['Humidity', '%RH']",73.50,73.90,"['VOC', 'Ohm']",1756410,1580492.0,"['VOCAQI', 'aqi']",163,177,"['Noise', 'dB']",99.00,99.00,"['CarbonDioxide', 'ppm']",400,400.0,"['Formaldehyde', 'ppb']",0,0.0,"['Ozone', 'ppb']",0.0,0.0,"['PM1.0', 'µg/m³']",8.0,8.0,"['PM2.5', 'µg/m³']",11.0,10.0,"['PM10', 'µg/m³']",12.0,11.0
82000274,1591830775,1706617918,14100,47.157055,27.574677,40,,Iasi,RO,1,76,108,,,SI29BG,0.01,SI29BG,0.01,NicolaeIorga-SoseauaNationala(PodudePiatra),,1.0,6745,,,"['Temperature', '°C']",7.53,,"['Pressure', 'Pa']",103370,,"['Humidity', '%RH']",54.90,,"['VOC', 'Ohm']",5773844,,"['VOCAQI', 'aqi']",0,0,,,,"['CarbonDioxide', 'ppm']",400,,"['Formaldehyde', 'ppb']",0,,"['Ozone', 'ppb']",0.0,,"['PM1.0', 'µg/m³']",6.0,,"['PM2.5', 'µg/m³']",8.0,,"['PM10', 'µg/m³']",8.0,
82000275,1591830768,1790454834,20100,47.161738,27.594688,40,,Iasi,RO,1,76,108,1.0,,SI29BG,0.01,SI29BG,0.01,\0AnastasiePanu-ElenaDoamna(H.Europa),,2.0,6745,,,"['Temperature', '°C']",16.36,15.02,"['Pressure', 'Pa']",101979,102009.0,"['Humidity', '%RH']",72.90,75.90,"['VOC', 'Ohm']",1092535,929396.0,"['VOCAQI', 'aqi']",406,435,"['Noise', 'dB']",98.00,98.00,"['CarbonDioxide', 'ppm']",400,400.0,"['Formaldehyde', 'ppb']",0,0.0,"['Ozone', 'ppb']",0.0,0.0,"['PM1.0', 'µg/m³']",13.0,11.0,"['PM2.5', 'µg/m³']",16.0,14.0,"['PM10', 'µg/m³']",18.0,16.0
82000276,1591829057,1715709944,17700,47.151555,27.580746,52,,Iasi,RO,1,76,108,,,SI29BG,0.01,SI29BG,0.01,Bd.D.Cantemir-Str.Decebal,,1.0,6745,,,"['Temperature', '°C']",16.95,,"['Pressure', 'Pa']",101508,,"['Humidity', '%RH']",53.08,,"['VOC', 'Ohm']",5227113,,"['VOCAQI', 'aqi']",0,0,,,,"['CarbonDioxide', 'ppm']",400,,"['Formaldehyde', 'ppb']",0,,"['Ozone', 'ppb']",0.0,,"['PM1.0', 'µg/m³']",1.0,,"['PM2.5', 'µg/m³']",2.0,,"['PM10', 'µg/m³']",2.0,
