NR. CRT.,Indicativ drum,De la km,Pana la km,De la data,Pana la data,Intre localitatile,Cauza,Masuri de remediere,viz_name,map_zoom
5.1,A3,14+750,14+750,2026-04-03 15:16:00,2026-05-10 23:59:00, - ,Va informam ca circulatia este restrictionata pe Calea 2 (Ploiesti-Bucuresti) banda 1.Cauza: rost de dilatatie degradat.,,A3,"['14', '750', '14', '750']"
5.2,DN10,26+200,26+450,2026-01-01 14:27:00,2026-12-31 23:59:00,MAGURA (BZ) - MAGURA (BZ),Alunecare de teren .,Viteza - 30 km/h,DN10,"['26', '200', '26', '450']"
5.3,DN11,167+010,167+090,2026-03-02 09:00:00,2026-09-02 09:00:00,BARZULESTI (BC) - MAGURA (BC),DN11 km 167+010- km 167+090 stg zona in care se produce o alunecare de terasament. Circulatie alternativa dirijata cu semafoare la lucrari pe maxim 1/2 din cale.,Se va semnaliza zona afectata conform schemei B.4.,DN11,"['167', '10', '167', '90']"
5.4,DN11A,52+025,52+025,2026-01-01 09:28:00,2026-12-31 23:59:00,LESPEZI (VN) - LESPEZI (VN),Ravenari terasament corp drum.,Latime - 4m,DN11A,"['52', '25', '52', '25']"
5.5,DN11A,59+455,59+535,2026-01-01 09:31:00,2026-12-31 23:59:00,LEHANCEA (BC) - LEHANCEA (BC),Ravenari terasament corp drum.,Latime - 5m. Viteza - 40km/h,DN11A,"['59', '455', '59', '535']"
5.6,DN11A,60+225,60+305,2026-01-01 09:36:00,2026-12-31 23:59:00,LEHANCEA (BC) - LEHANCEA (BC),Ravenari terasament corp drum.,Latime - 3m. Viteza - 40km/h.,DN11A,"['60', '225', '60', '305']"
5.7,DN11A,67+350,67+380,2026-01-01 09:38:00,2026-12-31 23:59:00,CABESTI (BC) - CABESTI (BC),Cedare terasament corp drum.,Latime - 3m. Viteza - 30km/h.,DN11A,"['67', '350', '67', '380']"
5.8,DN15,42+945,43+420,2026-02-15 12:00:00,2026-07-31 23:59:00,IERNUT (MS) - CIPAU (MS),Parte stanga a benzi de circulatie tasata,Sau montat indicatoare de restrictie a vitezei si balize de semnalizare,DN15,"['42', '945', '43', '420']"
5.9,DN15B,7+280,7+280,2025-06-15 23:20:00,2026-06-15 09:00:00,PETRU VODA (NT) - PETRU VODA (NT),Placa carosabila de beton a cedat intre grinzile principale ale podului.,"Circulatia este deschisa pe un fir alternativ si dirijat,pentru toate categoriile de autovehicule.",DN15B,"['7', '280', '7', '280']"
5.1,DN15D,9+510,9+510,2025-03-10 09:00:00,2026-06-30 09:00:00,GIROV (NT) - GIROV (NT),"Au inceput lucrarile la podul de pe DN 15D, Girov, judetul Neamt. Traficul se desfasoara, semaforizat, pe varianta provizorie, cu restrictie de tonaj de 30. In aceasta dimineata, a fost data in trafic varianta provizorie peste paraul Cracau, aferenta podului de pe DN 15D, km 9+510, Girov, judetul Neamt.",,DN15D,"['9', '510', '9', '510']"
5.11,DN17A,12+120,12+300,2025-08-06 07:30:00,2026-06-15 09:00:00,PALTINU (SV) - PALTINU (SV),Lucrari de consolidare culee(sfert de con) deteriorata.,"Restrictie de tonaj <7,5 to, viteza 30 km/h, semnalizare cu indicatoare rutiere B5/B6.",DN17A,"['12', '120', '12', '300']"
5.12,DN17A,29+530,30+030,2025-08-06 07:30:00,2026-06-15 09:00:00,CIUMARNA (SV) - CIUMARNA (SV),Pod degradat(mana curenta prabusita).Se circula pe latime a drumului de 5.50 m.,"Restrictie de tonaj <7,5 to, viteza 30 km/h, semnalizare cu indicatoare rutiere B5/B6.",DN17A,"['29', '530', '30', '30']"
5.13,DN17A,45+500,45+600,2026-03-06 10:00:00,2026-09-07 10:00:00,SUCEVITA (SV) - SUCEVITA (SV),"Cedare terasament drum(debleu in lateral).Zona drumului degradat se afla in extravilanul loc.Sucevita spre loc.Ciumarna.In zona degradata se circula ingreunat pe o latime a carosabilului de 5,5 m cu o viteza de 30 km/h.",Zona degradata a drumului a fost semnalizata conform schemei B2.,DN17A,"['45', '500', '45', '600']"
5.14,DN17B,52+400,52+600,2025-08-06 07:30:00,2026-06-15 09:00:00,BROSTENI (BROSTENI) (SV) - BROSTENI (BROSTENI) (SV),"Cedare zid sprijin.Se circula pe o latime a drumului de 5,50m.","Restrictie de tonaj <7,5 to, viteza 30 km/h, semnalizare cu indicatoare rutiere B5/B6.",DN17B,"['52', '400', '52', '600']"
5.15,DN18,182+300,182+400,2025-11-15 08:00:00,2026-06-15 09:00:00,CARLIBABA (SV) - CARLIBABA (SV),"Cedare terasament sub actiunea apei raului Bistrita.Se circula cu o viteza de 40 km/h pe o latime de 3,5 din carosabil.",Semnalizare cu balize si lampi intermitente.,DN18,"['182', '300', '182', '400']"
5.16,DN1A,175+207,175+465,2026-02-16 08:00:00,2026-11-15 17:00:00,SACELE (BV) - SACELE (BV),Reabilitarea podului,Circulatia este deviata si restrictie de viteza la 50 km/h,DN1A,"['175', '207', '175', '465']"
5.17,DN22B,6+550,6+600,2026-04-07 16:00:00,2026-10-31 23:59:00,VADENI (BR) - VADENI (BR),Sector cu risc rutier ridicat determinat de configuratia geometrica a drumului si de panta accentuata generata de structura digului pe acostamentul caruia este realizat drumul national DN22B.,Pe ambele sensuri de deplasare se instituie restrictie de viteza: 40 km/h.,DN22B,"['6', '550', '6', '600']"
5.18,DN2D,52+662,52+677,2026-01-01 10:00:00,2026-12-31 23:59:00,BARSESTI (VN) - BARSESTI (VN),Alunecare teren cu antrenare terasament corp drum.,Circulatie ingreunata.,DN2D,"['52', '662', '52', '677']"
5.19,DN2D,88+700,89+300,2026-01-01 10:03:00,2026-12-31 23:59:00,GRESU (VN) - GRESU (VN),Alunecare de teren.,Circulatie ingreunata.,DN2D,"['88', '700', '89', '300']"
5.2,DN2L,30+480,30+480,2026-01-01 09:42:00,2026-12-31 23:59:00,VARNITA (VN) - VARNITA (VN),Prabusire podet boltit.,Latime - 3m. Viteza - 50km/h.,DN2L,"['30', '480', '30', '480']"
5.21,DN2L,27+750,27+750,2026-01-01 09:40:00,2026-12-31 23:59:00,VARNITA (VN) - VARNITA (VN),Pod de beton degradat.,Masa - 30t. Viteza - 30km/h.,DN2L,"['27', '750', '27', '750']"
5.22,DN2M,30+853,30+853,2026-01-01 10:04:00,2026-12-31 23:59:00,REGHIU (VN) - REGHIU (VN),Spalarea umpluturii sfertului de con.,Circulatie ingreunata.,DN2M,"['30', '853', '30', '853']"
5.23,DN2N,44+453,44+600,2026-01-01 09:47:00,2026-12-31 23:59:00,CHIOJDENI (VN) - CHIOJDENI (VN),Varianta circulatie balast.,Circulatie ingreunata.,DN2N,"['44', '453', '44', '600']"
5.24,DN2N,45+190,45+190,2026-01-01 09:50:00,2026-12-31 23:59:00,CHIOJDENI (VN) - CHIOJDENI (VN),Surpare parte carosabila pod.,"Latime - 3,5m.",DN2N,"['45', '190', '45', '190']"
5.25,DN2N,46+800,46+920,2026-01-01 09:52:00,2026-12-31 23:59:00,CHIOJDENI (VN) - CHIOJDENI (VN),Alunecare teren - varianta.,Latime - 3m. Tonaj - 25t.,DN2N,"['46', '800', '46', '920']"
5.26,DN2N,50+400,50+460,2026-01-01 09:54:00,2026-12-31 23:59:00,JITIA (VN) - JITIA (VN),Reactivare alunecare teren.,Circulatie ingreunata.,DN2N,"['50', '400', '50', '460']"
5.27,DN2N,51+300,51+300,2026-01-01 09:55:00,2026-12-31 23:59:00,JITIA (VN) - JITIA (VN),Surpare parte carosabila.,Latime - 3m. Viteza - 30km/h. Tonaj - 25t.,DN2N,"['51', '300', '51', '300']"
5.28,DN2N,51+800,51+800,2026-01-01 09:58:00,2026-12-31 23:59:00,JITIA (VN) - JITIA (VN),Prabusire sfert con culee Cl,Latime - 3m. Tonaj - 25t.,DN2N,"['51', '800', '51', '800']"
5.29,DN2R,1+860,1+920,2026-01-01 09:44:00,2026-12-31 23:59:00,VINTILEASCA (VN) - VINTILEASCA (VN),"Alunecare teren, tasare platforma drum.","Latime - 2,5m.",DN2R,"['1', '860', '1', '920']"
5.3,DN2S,3+150,3+250,2026-02-02 00:00:00,2026-12-31 23:59:00,VADENI (BR) - VADENI (BR),Tasari rampe.,Restrictie viteza: 40 km/h.,DN2S,"['3', '150', '3', '250']"
5.31,DN2S,4+440,4+640,2026-02-02 00:00:00,2026-12-31 23:59:00,VADENI (BR) - VADENI (BR),Tasari rampe.,Restrictie viteza: 40 km/h.,DN2S,"['4', '440', '4', '640']"
5.32,DN2S,17+200,17+340,2026-02-02 00:00:00,2026-12-31 23:59:00,JIJILA (TL) - JIJILA (TL),Tasari rampe.,Restrictie viteza: 40 km/h.,DN2S,"['17', '200', '17', '340']"
5.33,DN57B,4+950,4+950,2024-05-31 21:00:00,2026-05-31 12:00:00,ORAVITA (CS) - ORAVITA (CS),"In urma ploilor abundente, s-a produs o alunecare de teren.",Circulatia rutiera este ingreunata pe 1/2 cale.,DN57B,"['4', '950', '4', '950']"
5.34,DN59B,44+000,66+000,2026-04-08 14:00:00,2026-11-15 23:59:00,FOENI (TM) - BANLOC (TM),Lucrari de consolidare DN59B.,"Circulatia se desfasoara ingreunat pe 1/2 din cale , semnalizata de semafoare.",DN59B,"['44', '0', '66', '0']"
