NR. CRT.,Tip raportare,Data actualizarii,Localitate,Stare
8.3.1,"Automată, Stație meteo ANM",2026-09-29 01:45:07,ARAD (AR),Cer senin
8.3.2,"Automată, Stație meteo ANM",2026-09-29 01:45:08,BACAU (BC),Cer acoperit
8.3.3,"Automată, Stație meteo ANM",2026-09-29 01:45:09,BAIA MARE (MM),Cer senin
8.3.4,"Automată, Stație meteo ANM",2026-09-29 01:45:10,BALEA LAC (SB),Cer partial noros
8.3.5,"Automată, Stație meteo ANM",2026-09-29 01:45:11,BECHET (DJ),Cer acoperit
8.3.6,"Automată, Stație meteo ANM",2026-09-29 01:45:12,BISTRITA (BN),Cer senin
8.3.7,"Automată, Stație meteo ANM",2026-09-29 01:45:13,BRASOV GHIMBAV (BV),Cer partial noros
8.3.8,"Automată, Stație meteo ANM",2026-09-29 01:45:15,BUCURESTI AFUMATI (IF),Cer acoperit
8.3.9,"Automată, Stație meteo ANM",2026-09-29 01:45:18,CALAFAT (DJ),Cer senin
8.3.10,"Automată, Stație meteo ANM",2026-09-29 01:45:20,CARACAL (OT),Cer acoperit
8.3.11,"Automată, Stație meteo ANM",2026-09-29 01:45:21,CARANSEBES (CS),Cer senin
8.3.12,"Automată, Stație meteo ANM",2026-09-29 01:45:22,CLUJ-NAPOCA (CJ),Cer senin
8.3.13,"Automată, Stație meteo ANM",2026-09-29 01:45:22,CONSTANTA (CT),Cer acoperit
8.3.14,"Automată, Stație meteo ANM",2026-09-29 01:45:23,CRAIOVA (DJ),Cer acoperit
8.3.15,"Automată, Stație meteo ANM",2026-09-29 01:45:25,DROBETA TURNU SEVERIN (MH),Cer partial noros
8.3.16,"Automată, Stație meteo ANM",2026-09-29 01:45:26,FUNDATA (BV),Cer acoperit
8.3.17,"Automată, Stație meteo ANM",2026-09-29 01:45:26,IASI (IS),Cer senin
8.3.18,"Automată, Stație meteo ANM",2026-09-29 01:45:27,MEDGIDIA (CT),Cer acoperit
8.3.19,"Automată, Stație meteo ANM",2026-09-29 01:45:27,MIERCUREA CIUC (HR),Cer acoperit
8.3.20,"Automată, Stație meteo ANM",2026-09-29 01:45:29,PITESTI (AG),Cer acoperit
8.3.21,"Automată, Stație meteo ANM",2026-09-29 01:45:31,POLOVRAGI (GJ),Cer senin
8.3.22,"Automată, Stație meteo ANM",2026-09-29 01:45:33,RAMNICU VALCEA (VL),Cer acoperit
8.3.23,"Automată, Stație meteo ANM",2026-09-29 01:45:35,ROSIORII DE VEDE (TR),Cer acoperit
8.3.24,"Automată, Stație meteo ANM",2026-09-29 01:45:37,SATU MARE (SM),Cer senin
8.3.25,"Automată, Stație meteo ANM",2026-09-29 01:45:38,SLATINA (OT),Cer senin
8.3.26,"Automată, Stație meteo ANM",2026-09-29 01:45:39,SLOBOZIA (IL),Cer acoperit
8.3.27,"Automată, Stație meteo ANM",2026-09-29 01:45:39,TARGOVISTE (DB),Cer acoperit
8.3.28,"Automată, Stație meteo ANM",2026-09-29 01:45:40,TARGU JIU (GJ),Cer partial noros
8.3.29,"Automată, Stație meteo ANM",2026-09-29 01:45:40,TARGU MURES (MS),Cer senin
8.3.30,"Automată, Stație meteo ANM",2026-09-29 01:45:42,TURNU MAGURELE (TR),Cer partial noros
