coords,culoare,raza,categorie,name,Judet,UAT,Km,Cauza,lat,long,date_start,date_end,km_start,km_end,Localitati,Masuri de remediere,Tip Lucrari,Variante de ocolire
"[26.14711144, 44.48984535]",2,7,1.1,Lucrari de scurta durata  A3,IF;,Voluntari;,9+300 - 9+700,Reparatii parapet. Calea 2 banda 1 restrictionata.,26.14711144,44.48984535,23-06-2026 10:45,23-06-2026 15:00,9+300,9+700,,,,
"[24.97547581, 47.59239377]",0,7,5.0,Circulatie ingreunata  DN18,SV;,Cîrlibaba;,182+300 - 182+400,"Cedare terasament sub actiunea apei raului Bistrita.Se circula cu o viteza de 40 km/h pe o latime de 3,5 din carosabil.",24.97547581,47.59239377,15-11-2025 08:00,15-10-2026 09:00,182+300,182+400,CARLIBABA (SV) - CARLIBABA (SV),Semnalizare cu balize si lampi intermitente.,,
"[26.08059643, 44.51307414]",2,7,6.0,Lucrari  DN1,B;,București Sectorul 1;,9+720 - 9+820,,26.08059643,44.51307414,11-05-2026 10:12,30-12-2026 23:59,9+720,9+820,,,"Se desfasoara lucrari pentru constructia liniei de metrou care va asigura legatura cu Aeroportul International Henri Coanda Bucuresti.
Pe durata executarii lucrarilor, circulatia rutiera pe DN1, intre kilometrii 9+720 si 9+820, se va desfasura pe doua benzi din trei, pe sensul Bucuresti-Ploiesti....
<cite>*Pentru descrierea completa consultati sectiunea drumuri.</cite>",
"[24.33535527, 45.25272924]",2,7,1.1,Lucrari de scurta durata  DN7,VL;,Călimănești;,194+150 - 194+250,Pe sectorul de drum DN 7 km 194+150 - km 194+250 pe raza localitatii Calimanesti se lucreaza la aplicare covor antiderapant si marcaje prefabricate intre orele 08:00 - 18:00.,24.33535527,45.25272924,23-06-2026 08:00,23-06-2026 18:00,194+150,194+250,CALIMANESTI (VL) -,Circulatia rutiera se desfasoara pe 1/2 din cale dirijata de piloti de circulatie.,,
"[27.31875543, 46.19515252]",0,7,5.0,Circulatie ingreunata  DN11A,VN;,Corbița;,59+455 - 59+535,Ravenari terasament corp drum.,27.31875543,46.19515252,01-01-2026 09:31,31-12-2026 23:59,59+455,59+535,LEHANCEA (BC) - LEHANCEA (BC),Latime - 5m. Viteza - 40km/h,,
"[27.32955675, 46.19365334]",0,7,5.0,Circulatie ingreunata  DN11A,BC;,Podu Turcului;,60+225 - 60+305,Ravenari terasament corp drum.,27.32955675,46.19365334,01-01-2026 09:36,31-12-2026 23:59,60+225,60+305,LEHANCEA (BC) - LEHANCEA (BC),Latime - 3m. Viteza - 40km/h.,,
"[26.82217697, 46.5329543]",0,7,5.0,Circulatie ingreunata  DN11,BC;,Luizi-Călugăra;,167+010 - 167+090,DN11 km 167+010- km 167+090 stg zona in care se produce o alunecare de terasament. Circulatie alternativa dirijata cu semafoare la lucrari pe maxim 1/2 din cale.,26.82217697,46.5329543,02-03-2026 09:00,02-09-2026 09:00,167+010,167+090,BARZULESTI (BC) - MAGURA (BC),Se va semnaliza zona afectata conform schemei B.4.,,
"[26.26230049, 45.47679901]",0,7,5.0,Circulatie ingreunata  DN10,BZ;,Siriu;,76+795 - 76+870,"Se instituie restrictie de circulatie rutiera si pietonala in urma degradarilor aparute,(tasari ale platformei drumului,fisuri longitudinale in imbracamintea asfaltica si afectarea trotuarului pietonal.
- se restrictioneaza circulatia pe banda dreapta sensul Buzau - Brasov
- circulatia se des...
<cite>*Pentru descrierea completa consultati sectiunea drumuri.</cite>",26.26230049,45.47679901,18-05-2026 08:00,31-12-2026 23:59,76+795,76+870,LUNCA JARISTEI (BZ) -,"Dirijarea circulatiei se va realiza cu semafoare electrice, conform Normelor metodologice privind conditiile de inchidere a circulatiei si instituirea restrictiilor de circulatie aprobate prin MI nr. 1112/04.04.2000 si MT nr. 411/08.06.2000, anexa IV -schema B.4
Circulatie alternanta dirijata cu...
<cite>*Pentru descrierea completa consultati sectiunea drumuri.</cite>",,
"[26.26230049, 45.47679901]",2,7,6.0,Lucrari  DN10,BZ;,Siriu;,76+795 - 76+870,,26.26230049,45.47679901,16-06-2026 00:29,31-12-2026 23:59,76+795,76+870,LUNCA JARISTEI (BZ) - LUNCA JARISTEI (BZ),,"Tasare, crapaturi si fisuri longitudinale in imbracamintea asfaltica.","Circulatie alternativa, semaforizata"
"[24.45856695, 45.05192312]",0,7,5.0,Circulatie ingreunata  DN7,VL;,Golești;,162+390 - 162+460,Alunecare de teren activa.,24.45856695,45.05192312,01-06-2025 00:00,30-11-2026 16:00,162+390,162+460,MILCOIU (VL) -,"Circulatia rutiera se desfasoara pe ambele sensuri de mers , cu precizarea ca pe sensul Rm. Valcea - Pitesti circulatia se desfasoara pe o singura banda din doua. Au fost montate indicatoare rutiere de restrictii de circulatie conform schemei de semnalizare C1.",,
"[26.73149618, 45.58593618]",0,7,5.0,Circulatie ingreunata  DN2R,VN;,Jitia;,1+860 - 1+920,"Alunecare teren, tasare platforma drum.",26.73149618,45.58593618,01-01-2026 09:44,31-12-2026 23:59,1+860,1+920,VINTILEASCA (VN) - VINTILEASCA (VN),"Latime - 2,5m.",,
"[26.76642969, 45.58101992]",0,7,5.0,Circulatie ingreunata  DN2N,VN;,Jitia;,50+400 - 50+460,Reactivare alunecare teren.,26.76642969,45.58101992,01-01-2026 09:54,31-12-2026 23:59,50+400,50+460,JITIA (VN) - JITIA (VN),Circulatie ingreunata.,,
"[24.29223421, 45.47571313]",0,7,5.0,Circulatie ingreunata  DN7,VL;,Cîineni;,228+850 - 228+900,Datorita caderilor de pietre pentru siguranta participantilor la trafic pe sectorul de drum mai sus mentionat au fost instalate masuri de semnalizare corespunzatoare conform schemei de semnalizare B1. Circulatia se desfasoara ingreunat.,24.29223421,45.47571313,01-06-2025 00:00,30-11-2026 16:00,228+850,228+900,CAINENII MARI (VL) -,"Latimea benzii de circulatie pe sensul de mers Rm. Valcea - Sibiu este de 3,73 m , iar latimea benzi de circulatie pe sensul de mers Sibiu - Rm. Valcea este de 3,25.
Circulatia rutiera se desfasoara normal pe sensul Rm. Valcea - Sibiu (avand latimea benzii de 3,75m) , si ingreunat pe sensul Sibiu...
<cite>*Pentru descrierea completa consultati sectiunea drumuri.</cite>",,
"[28.00745059, 45.34450516]",0,7,5.0,Circulatie ingreunata  DN22B,BR;,Vădeni;,6+550 - 6+600,Sector cu risc rutier ridicat determinat de configuratia geometrica a drumului si de panta accentuata generata de structura digului pe acostamentul caruia este realizat drumul national DN22B.,28.00745059,45.34450516,07-04-2026 16:00,31-10-2026 23:59,6+550,6+600,VADENI (BR) - VADENI (BR),Pe ambele sensuri de deplasare se instituie restrictie de viteza: 40 km/h.,,
"[24.03030014, 44.74890137]",0,7,5.0,Circulatie ingreunata  DN67B,VL;,Măciuca;,91+788 - 91+828,Alunecare de teren cu afectare corp drum.,24.03030014,44.74890137,01-06-2025 00:00,30-11-2026 16:00,91+788,91+828,OVESELU (VL) -,"Circulatia se desfasoara pe 1/2 cale , semnalizat cu indicatoare rutiere si restrictie viteza de 30 km/h .",,
"[27.3930562, 46.20245385]",0,7,5.0,Circulatie ingreunata  DN11A,BC;,Podu Turcului;,67+350 - 67+380,Cedare terasament corp drum.,27.3930562,46.20245385,01-01-2026 09:38,31-12-2026 23:59,67+350,67+380,CABESTI (BC) - CABESTI (BC),Latime - 3m. Viteza - 30km/h.,,
"[26.74674737, 45.90855167]",0,7,5.0,Circulatie ingreunata  DN2D,VN;,Bârsești;,52+662 - 52+677,Alunecare teren cu antrenare terasament corp drum.,26.74674737,45.90855167,01-01-2026 10:00,31-12-2026 23:59,52+662,52+677,BARSESTI (VN) - BARSESTI (VN),Circulatie ingreunata.,,
"[23.63229942, 44.87820053]",0,7,5.0,Circulatie ingreunata  DN67B,GJ;,Licurici;,24+403,Pod degradat.,23.63229942,44.87820053,01-06-2025 00:00,30-04-2027 16:00,,,FRUMUSEI (GJ) -,Circulatia se desfasoara pe 1/2 cale . Zona este semnalizata corespunzator .,,
"[22.67205585, 45.02192819]",0,7,5.0,Circulatie ingreunata  DN67D,MH;,Obîrșia-Cloșani;,58+800,Degradare terasament si parapet.,22.67205585,45.02192819,31-07-2025 00:00,30-04-2027 16:00,,,OBARSIA-CLOSANI (MH) - GODEANU (GODEANU) (MH),Circulatia se desfasoara pe 1/2 cale . Zona este semnalizata corespunzator .,,
"[25.99580569, 47.14375187]",0,7,5.0,Circulatie ingreunata  DN15B,NT;,Poiana Teiului;,7+280,Placa carosabila de beton a cedat intre grinzile principale ale podului.,25.99580569,47.14375187,15-06-2025 23:20,15-10-2026 09:00,,,PETRU VODA (NT) - PETRU VODA (NT),"Circulatia este deschisa pe un fir alternativ si dirijat,pentru toate categoriile de autovehicule.",,
"[21.73675427, 45.04825724]",0,7,5.0,Circulatie ingreunata  DN57B,CS;,Oravița;,4+950,"In urma ploilor abundente, s-a produs o alunecare de teren.",21.73675427,45.04825724,31-05-2025 21:00,30-06-2026 12:00,,,ORAVITA (CS) - ORAVITA (CS),Circulatia rutiera este ingreunata pe 1/2 cale.,,
"[22.70108613, 45.13828437]",0,7,5.0,Circulatie ingreunata  DN66A,GJ;,Padeș;,93+050,Alunecare de teren cu afectare corp drum.,22.70108613,45.13828437,01-10-2025 00:00,30-04-2027 16:00,,,CERNA SAT (GJ) -,Circulatia se desfasoara pe 1/2 cale. Zona este semnalizata corespunzator.,,
"[22.69707279, 45.13721186]",0,7,5.0,Circulatie ingreunata  DN66A,GJ;,Padeș;,93+800,Alunecare de teren cu afectare corp drum.,22.69707279,45.13721186,28-02-2026 00:00,30-04-2027 16:00,,,CERNA SAT (GJ) -,Circulatia se defasoara pe 1/2 cale . Zona este semnalizata corespunzator .,,
"[24.30310059, 44.66260147]",0,7,5.0,Circulatie ingreunata  DN67B,OT;,Verguleasa;,119+236,"Podul peste raul Olt nu prezinta siguranta pentru autovehiculele cu MTMA > 7,5 TO .",24.30310059,44.66260147,01-07-2025 00:00,30-06-2026 16:00,,,DRAGASANI (VL) - POGANU (OT),"Circulati a rutiera se desfasoara pe1/2 cale , dirijata prin semafoare. Ruta ocolitoare pentru autovehiculele cu MTMA > 7,5 TO - DN 64 - DJ 678C - DJ 678 - DN 67B.",,
"[24.34175395, 45.2488953]",0,7,5.0,Circulatie ingreunata  DN7CC,VL;,Călimănești;,3+150,Alunecare de teren,24.34175395,45.2488953,01-06-2025 00:00,30-11-2026 16:00,,,JIBLEA NOUA (VL) - PAUSA (VL),"Circulatia se desfasoara alternativ pe 1/2 cale, cu restictionare pe sensul Sibiu - Rm. Valcea, dirijata cu semafoare si semnalizata cu balize, indicatoare rutiere si lampi cu iluminare intermitenta.",,
"[23.73630222, 44.52582927]",0,7,5.0,Circulatie ingreunata  DN6B,DJ;,Melinești;,24+183,Pod degradat.,23.73630222,44.52582927,01-06-2025 00:00,30-06-2026 16:00,,,NEGOIESTI (DJ) -,"Circulatia rutiera se desfasoara ingreunat pe 1/2 cale, dirijata prin indicatoare rutiere, iar accesul autovehiculelor cu MTMA > 25 to este interzis.",,
"[27.25085573, 46.17995095]",0,7,5.0,Circulatie ingreunata  DN11A,VN;,Homocea;,52+025,Ravenari terasament corp drum.,27.25085573,46.17995095,01-01-2026 09:28,31-12-2026 23:59,,,LESPEZI (VN) - LESPEZI (VN),Latime - 4m,,
"[26.96820068, 45.96419907]",0,7,5.0,Circulatie ingreunata  DN2L,VN;,Răcoasa;,27+750,Pod de beton degradat.,26.96820068,45.96419907,01-01-2026 09:40,31-12-2026 23:59,,,VARNITA (VN) - VARNITA (VN),Masa - 30t. Viteza - 30km/h.,,
"[26.94809914, 45.98350143]",0,7,5.0,Circulatie ingreunata  DN2L,VN;,Răcoasa;,30+480,Prabusire podet boltit.,26.94809914,45.98350143,01-01-2026 09:42,31-12-2026 23:59,,,VARNITA (VN) - VARNITA (VN),Latime - 3m. Viteza - 50km/h.,,
"[26.80571603, 45.56267963]",0,7,5.0,Circulatie ingreunata  DN2N,VN;,Chiojdeni;,45+190,Surpare parte carosabila pod.,26.80571603,45.56267963,01-01-2026 09:50,31-12-2026 23:59,,,CHIOJDENI (VN) - CHIOJDENI (VN),"Latime - 3,5m.",,
"[26.76463522, 45.58503305]",0,7,5.0,Circulatie ingreunata  DN2N,VN;,Jitia;,51+300,Surpare parte carosabila.,26.76463522,45.58503305,01-01-2026 09:55,31-12-2026 23:59,,,JITIA (VN) - JITIA (VN),Latime - 3m. Viteza - 30km/h. Tonaj - 25t.,,
"[26.75891053, 45.58641533]",0,7,5.0,Circulatie ingreunata  DN2N,VN;,Jitia;,51+800,Prabusire sfert con culee Cl,26.75891053,45.58641533,01-01-2026 09:58,31-12-2026 23:59,,,JITIA (VN) - JITIA (VN),Latime - 3m. Tonaj - 25t.,,
"[26.85435599, 45.78229399]",0,7,5.0,Circulatie ingreunata  DN2M,VN;,Reghiu;,30+853,Spalarea umpluturii sfertului de con.,26.85435599,45.78229399,01-01-2026 10:04,31-12-2026 23:59,,,REGHIU (VN) - REGHIU (VN),Circulatie ingreunata.,,
"[26.49516742, 46.95321658]",0,7,5.0,Circulatie ingreunata  DN15D,NT;,Girov;,9+510,"Au inceput lucrarile la podul de pe DN 15D, Girov, judetul Neamt. Traficul se desfasoara, semaforizat, pe varianta provizorie, cu restrictie de tonaj de 30. In aceasta dimineata, a fost data in trafic varianta provizorie peste paraul Cracau, aferenta podului de pe DN 15D, km 9+510, Girov, judetul Ne...
<cite>*Pentru descrierea completa consultati sectiunea drumuri.</cite>",26.49516742,46.95321658,10-03-2025 09:00,30-06-2026 09:00,,,GIROV (NT) - GIROV (NT),,,
"[26.30410004, 45.41550064]",2,7,6.0,Lucrari  DN10,BZ;,Nehoiu;,67+190,,26.30410004,45.41550064,14-03-2026 16:29,31-07-2026 17:00,,,NEHOIU (BZ) - NEHOIU (BZ),,"Punerea in siguranta a traficului auto si pietonal pe tronsonul DN10, km 67+190, peste Nehoiu la Nehoiu, oras Nehoiu, jud. Buzau","Circulatie pietonala - inchisa(stanga). Circulatie autoturisme - ingreunata
Intre km 67+090 - km 67+280: restrictie de tonaj (MTMA<30 tone) si limitarea vitezei la 30 km/h
Drum ingustat, circulatie pe o singura banda, prioritate sens Buzau - Brasov
Intre km 67+127 - km 67+212: limitarea vit...
<cite>*Pentru descrierea completa consultati sectiunea drumuri.</cite>"
"[22.61688731, 45.04180384]",0,7,5.0,Circulatie ingreunata  DN67D,MH;,Obîrșia-Cloșani;,70+790,Zid de sprijin rupt.,22.61688731,45.04180384,31-07-2025 00:00,28-04-2027 16:00,,,GODEANU (GODEANU) (MH) -,"Circulatia rutiera se desfasoara pe 1/2 cale, semnalizata cu indicatoare rutiere.",,
"[27.73581084, 45.49882243]",2,7,6.0,Lucrari  DN25,GL;,Piscu;,48+542,,27.73581084,45.49882243,29-12-2025 00:00,31-12-2026 23:59,,,PISCU (GL) -,,"Se instituie restrictii de circulatie pe podul peste paraul Suhurlui, comuna Piscu, judetul Galati.
Masura este luata in urma unei expertize tehnice care a constatat degradari ale structurii si prabusirea consolelor de trotuar.","Pentru siguranta tuturor participantilor la trafic, au fost dispuse urmatoarele modificari:
- Limitare de tonaj: Maximum 15 tone (inlocuieste vechea restrictie de 30 tone).
- Limitare de viteza: Maximum 5 km/h pe sectorul podului.

Rute ocolitoare:
Rugam conducatorii vehiculelor cu ma...
<cite>*Pentru descrierea completa consultati sectiunea drumuri.</cite>"
"[22.76845097, 44.49443355]",0,7,5.0,Circulatie ingreunata  DN56A,MH;,Hinova;,64+100,Alunecare de teren cu afectare corp drum.,22.76845097,44.49443355,03-02-2026 09:30,30-06-2026 16:00,,,ROGOVA (MH) - HINOVA (MH),Circulatia rutiera se desfasoara pe 1/2 cale . Zona este smnalizata corespunzator .,,
"[23.0437877, 45.83570064]",2,7,6.0,Lucrari  DN7,HD;,Simeria;,377+200,,23.0437877,45.83570064,29-05-2026 12:00,16-11-2026 12:00,,,SIMERIA VECHE (HD) -,,"Pe DN 7, in localitatea Simeria Veche (judetul Hunedoara), au inceput lucrari de intretinere periodica la podul peste raul Strei.
Interventiile vizeaza reparatii si modernizari la structura podului, partea carosabila, trotuare, parapete, sistemul de scurgere a apelor, zonele de acces si albia ra...
<cite>*Pentru descrierea completa consultati sectiunea drumuri.</cite>","Pe durata lucrarilor, circulatia rutiera se va desfasura alternativ, pe un singur sens, fiind dirijata cu semafor temporar."
"[23.2396016, 45.88617325]",2,7,1.1,Lucrari de scurta durata  A1,HD;,Geoagiu;,336+540,Pe Calea 1 se desfasoara lucrari - inlocuire rosturi de dilatatie.,23.2396016,45.88617325,12-06-2026 15:30,29-06-2026 16:00,,,ORASTIE (HD) -,"Se circula pe banda 2.
Banda 1 si banda de urgenta sunt inchise.",,
"[25.7763089, 44.1906101]",2,7,6.0,Lucrari  DN6,GR;,Ghimpați;,41+400,,25.7763089,44.1906101,13-06-2026 08:00,13-09-2026 23:59,,,GHIMPATI (GR) - GHIMPATI (GR),,"DN 6 km 41+400. Calea 1. Sens Bucuresti - Alexandria. Incepand cu data de 13 iunie 2026 ora 08:00, pe o perioada de aproximativ 3 luni, traficul rutier se desfasoara alternativ, pe un sens, pe DN 6, in localitatea Ghimpati, judetul Giurgiu, unde se efectueaza lucrari de reparatii la podul amplasat l...
<cite>*Pentru descrierea completa consultati sectiunea drumuri.</cite>","Traficul rutier se desfasoara alternativ, prin semaforizare, dar si dirijata cu piloti de circulatie."
"[22.91489059, 45.90879435]",2,7,1.1,Lucrari de scurta durata  A1,HD;,Șoimuș;,366+070,Eveniment rutier pe A1 km 366+070 C1 Soimus - Lucrari - Inlocuire rosturi de dilatatie,22.91489059,45.90879435,16-06-2026 12:00,26-06-2026 16:00,,,SOIMUS (HD) - SOIMUS (HD),"B2 este restrictionata, se circula pe B1 si BU, se estimeaza reluarea normala a circulatiei in data de 26.06.2026 ora: 16:00",,
"[21.74625046, 45.77572396]",2,7,1.1,Lucrari de scurta durata  A1,TM;,Belinț;,467+310,Pe Calea 1 se executa lucrari - inlocuire rosturi de dilatatie.,21.74625046,45.77572396,20-06-2026 15:30,30-06-2026 16:00,,,SANOVITA (TM) -,"Se circula pe banda 2.
Banda 1 si banda de urgenta sunt inchise.",,
"[22.86394204, 45.92766191]",2,7,1.1,Lucrari de scurta durata  A1,HD;,Șoimuș;,371+200,Pe calea 1 se executa lucrari de inlocuire parapet median deteriorat.,22.86394204,45.92766191,23-06-2026 08:30,23-06-2026 16:00,,,SOIMUS (HD) - SOIMUS (HD),"Se circula pe Banda 1 si Banda de urgenta.
Banda 2 este restrictionata.",,
