NR. CRT.,Data actualizarii,Judet,Observatii
7.1.1,2026-09-29 06:03:48,ALBA (AB),Uscat
7.1.2,2026-09-29 06:40:02,ARAD (AR),Uscat
7.1.3,2026-09-29 06:32:38,BACAU (BC),Uscata
7.1.4,2026-09-29 06:03:49,BIHOR (BH),Uscat
7.1.5,2026-09-29 06:03:51,BISTRITA-NASAUD (BN),Uscat
7.1.6,2026-09-29 06:32:38,BOTOSANI (BT),Uscata
7.1.7,2026-09-29 06:30:32,BRASOV (BV),Uscat
7.1.8,2026-09-29 06:40:03,CARAS-SEVERIN (CS),Uscat
7.1.9,2026-09-29 06:03:51,CLUJ (CJ),Uscat
7.1.10,2026-09-29 06:30:33,COVASNA (CV),Uscat
7.1.11,2026-09-29 06:16:02,DOLJ (DJ),Curata si uscata.
7.1.12,2026-09-29 06:16:03,GORJ (GJ),Curata si uscata.
7.1.13,2026-09-29 06:30:34,HARGHITA (HR),Uscat
7.1.14,2026-09-29 06:40:04,HUNEDOARA (HD),Uscat
7.1.15,2026-09-29 06:32:39,IASI (IS),Uscata
7.1.16,2026-09-29 06:03:52,MARAMURES (MM),Uscat
7.1.17,2026-09-29 06:16:03,MEHEDINTI (MH),Curata si uscata.
7.1.18,2026-09-29 06:39:50,MURES (MS),A3 Ungheni  carosabil uscat
7.1.19,2026-09-29 06:32:39,NEAMT (NT),Uscata
7.1.20,2026-09-29 06:16:04,OLT (OT),Curata si uscata.
7.1.21,2026-09-29 06:03:53,SALAJ (SJ),Uscat
7.1.22,2026-09-29 06:03:54,SATU MARE (SM),Uscat
7.1.23,2026-09-29 06:39:29,SIBIU (SB),A1 Saliste  carosabil uscat
7.1.24,2026-09-29 06:32:41,SUCEAVA (CAMPULUNG MOLDOVENESC) (SV),Uscata
7.1.25,2026-09-29 06:32:40,SUCEAVA (SV),Uscata
7.1.26,2026-09-29 06:40:06,TIMIS (TM),Uscat
7.1.27,2026-09-29 06:16:04,VALCEA (VL),Curata si uscata.
7.1.28,2026-09-29 06:32:41,VASLUI (VS),Uscata
