NR. CRT.,Tip raportare,Data actualizarii,Localitate,Temperatura
9.1,"Automată, Stație meteo ANM",2026-10-07 15:30:14,BUCURESTI FILARET (B),26°C
9.2,"Automată, Stație meteo ANM",2026-10-07 15:30:14,BUCURESTI BANEASA (B),26°C
9.3,"Automată, Stație meteo ANM",2026-10-07 15:30:06,ALBA IULIA (AB),23°C
9.4,"Automată, Stație meteo ANM",2026-10-07 15:30:20,CURTEA DE ARGES (AG),24°C
9.5,"Automată, Stație meteo ANM",2026-10-07 15:30:20,DEDULESTI-MORARESTI (AG),23°C
9.6,"Automată, Stație meteo ANM",2026-10-07 15:30:16,CAMPULUNG MUSCEL (AG),23°C
9.7,"Automată, Stație meteo ANM",2026-10-07 15:30:35,PITESTI (AG),26°C
9.8,"Automată, Stație meteo ANM",2026-10-07 15:30:18,CHISINEU CRIS (AR),26°C
9.9,"Automată, Stație meteo ANM",2026-10-07 15:30:07,ARAD (AR),26°C
9.1,"Automată, Stație meteo ANM",2026-10-07 15:30:48,TARGU OCNA (BC),25°C
9.11,"Automată, Stație meteo ANM",2026-10-07 15:30:08,BACAU (BC),24°C
9.12,"Automată, Stație meteo ANM",2026-10-07 15:30:33,ORADEA (BH),26°C
9.13,"Automată, Stație meteo ANM",2026-10-07 15:30:10,BISTRITA (BN),22°C
9.14,"Automată, Stație meteo ANM",2026-10-07 15:30:12,BRAILA (BR),25°C
9.15,"Automată, Stație meteo ANM",2026-10-07 15:30:11,BOTOSANI (BT),21°C
9.16,"Automată, Stație meteo ANM",2026-10-07 15:30:43,STEFANESTI STANCA (BT),19°C
9.17,"Automată, Stație meteo ANM",2026-10-07 15:30:20,DARABANI (BT),21°C
9.18,"Manuală, personal C.N.A.I.R.",2026-10-07 11:25:45,BRASOV (BV),13°C
9.19,"Automată, Stație meteo ANM",2026-10-07 15:30:36,PREDEAL (BV),19°C
9.2,"Automată, Stație meteo ANM",2026-10-07 15:30:22,FUNDATA (BV),17°C
9.21,"Automată, Stație meteo ANM",2026-10-07 15:30:13,BRASOV GHIMBAV (BV),22°C
9.22,"Automată, Stație meteo ANM",2026-10-07 15:30:34,PATARLAGELE (BZ),25°C
9.23,"Automată, Stație meteo ANM",2026-10-07 15:30:37,RAMNICU SARAT (BZ),26°C
9.24,"Automată, Stație meteo ANM",2026-10-07 15:30:15,BUZAU (BZ),25°C
9.25,"Automată, Stație meteo ANM",2026-10-07 15:30:18,CLUJ-NAPOCA (CJ),22°C
9.26,"Automată, Stație meteo ANM",2026-10-07 15:30:33,OLTENITA (CL),26°C
9.27,"Automată, Stație meteo ANM",2026-10-07 15:30:15,CALARASI (CL),25°C
9.28,"Manuală, personal C.N.A.I.R.",2026-10-07 11:49:30,DRAJNA NOUA (CL),22°C
9.29,"Manuală, personal C.N.A.I.R.",2026-10-07 11:49:30,DRAGOS VODA (CL),22°C
9.3,"Manuală, personal C.N.A.I.R.",2026-10-07 11:49:30,STEFAN VODA (CL),22°C
9.31,"Manuală, personal C.N.A.I.R.",2026-10-07 11:49:30,DOR MARUNT (CL),23°C
9.32,"Automată, Stație meteo ANM",2026-10-07 15:30:08,BAILE HERCULANE (CS),25°C
9.33,"Automată, Stație meteo ANM",2026-10-07 15:30:33,ORAVITA (CS),27°C
9.34,"Automată, Stație meteo ANM",2026-10-07 15:30:11,BOZOVICI (CS),26°C
9.35,"Automată, Stație meteo ANM",2026-10-07 15:30:32,MOLDOVA VECHE (CS),27°C
9.36,"Automată, Stație meteo ANM",2026-10-07 15:30:37,RESITA (CS),27°C
9.37,"Automată, Stație meteo ANM",2026-10-07 15:30:17,CARANSEBES (CS),27°C
9.38,"Automată, Stație meteo ANM",2026-10-07 15:30:30,MEDGIDIA (CT),25°C
9.39,"Automată, Stație meteo ANM",2026-10-07 15:30:18,CONSTANTA (CT),21°C
9.4,"Manuală, personal C.N.A.I.R.",2026-10-07 11:49:30,VALU LUI TRAIAN (CT),20°C
9.41,"Automată, Stație meteo ANM",2026-10-07 15:30:18,CERNAVODA (CT),26°C
9.42,"Manuală, personal C.N.A.I.R.",2026-10-07 11:49:29,VALEA DACILOR (CT),20°C
9.43,"Manuală, personal C.N.A.I.R.",2026-10-07 11:49:29,REMUS OPREANU (CT),20°C
9.44,"Manuală, personal C.N.A.I.R.",2026-10-07 11:49:31,DUNAREA (CT),21°C
9.45,"Automată, Stație meteo ANM",2026-10-07 15:30:54,AMZACEA (CT),25°C
9.46,"Automată, Stație meteo ANM",2026-10-07 15:30:26,HARSOVA (CT),26°C
9.47,"Manuală, personal C.N.A.I.R.",2026-10-07 11:49:31,TARIVERDE (CT),21°C
9.48,"Automată, Stație meteo ANM",2026-10-07 15:30:30,MANGALIA (CT),20°C
9.49,"Manuală, personal C.N.A.I.R.",2026-10-07 11:49:29,MIRCEA VODA (CT),21°C
9.5,"Automată, Stație meteo ANM",2026-10-07 15:30:06,ADAMCLISI (CT),26°C
9.51,"Manuală, personal C.N.A.I.R.",2026-10-07 11:25:47,SFANTU GHEORGHE (CV),13°C
9.52,"Automată, Stație meteo ANM",2026-10-07 15:30:39,SFANTU GHEORGHE (MUNTE) (CV),24°C
9.53,"Automată, Stație meteo ANM",2026-10-07 15:30:27,INTORSURA BUZAULUI (CV),23°C
9.54,"Automată, Stație meteo ANM",2026-10-07 15:30:49,TARGU SECUIESC (CV),23°C
9.55,"Automată, Stație meteo ANM",2026-10-07 15:30:51,TITU (DB),26°C
9.56,"Automată, Stație meteo ANM",2026-10-07 15:30:44,TARGOVISTE (DB),25°C
9.57,"Automată, Stație meteo ANM",2026-10-07 15:30:19,CRAIOVA (DJ),25°C
9.58,"Automată, Stație meteo ANM",2026-10-07 15:30:15,CALAFAT (DJ),24°C
9.59,"Automată, Stație meteo ANM",2026-10-07 15:30:10,BECHET (DJ),25°C
9.6,"Automată, Stație meteo ANM",2026-10-07 15:30:54,RANCA (GJ),14°C
9.61,"Automată, Stație meteo ANM",2026-10-07 15:30:36,POLOVRAGI (GJ),24°C
9.62,"Automată, Stație meteo ANM",2026-10-07 15:30:44,TARGU JIU (GJ),25°C
9.63,"Automată, Stație meteo ANM",2026-10-07 15:30:45,TARGU LOGRESTI (GJ),25°C
9.64,"Automată, Stație meteo ANM",2026-10-07 15:30:23,GALATI (GL),25°C
9.65,"Automată, Stație meteo ANM",2026-10-07 15:30:49,TECUCI (GL),24°C
9.66,"Automată, Stație meteo ANM",2026-10-07 15:30:24,GIURGIU (GR),26°C
9.67,"Automată, Stație meteo ANM",2026-10-07 15:30:20,DEVA (HD),24°C
9.68,"Automată, Stație meteo ANM",2026-10-07 15:30:34,PETROSANI (HD),23°C
9.69,"Automată, Stație meteo ANM",2026-10-07 15:30:31,MIERCUREA CIUC (HR),21°C
9.7,"Automată, Stație meteo ANM",2026-10-07 15:30:13,BUCIN (HR),17°C
9.71,"Automată, Stație meteo ANM",2026-10-07 15:30:33,ODORHEIUL SECUIESC (HR),24°C
9.72,"Automată, Stație meteo ANM",2026-10-07 15:30:13,BUCURESTI AFUMATI (IF),27°C
9.73,"Automată, Stație meteo ANM",2026-10-07 15:30:42,SLOBOZIA (IL),25°C
9.74,"Automată, Stație meteo ANM",2026-10-07 15:30:52,URZICENI (IL),25°C
9.75,"Automată, Stație meteo ANM",2026-10-07 15:30:21,FETESTI (IL),26°C
9.76,"Automată, Stație meteo ANM",2026-10-07 15:30:26,IASI (IS),23°C
9.77,"Automată, Stație meteo ANM",2026-10-07 15:30:19,COTNARI (IS),21°C
9.78,"Manuală, personal C.N.A.I.R.",2026-10-07 11:33:52,ORSOVA (MH),19°C
9.79,"Automată, Stație meteo ANM",2026-10-07 15:30:21,DROBETA TURNU SEVERIN (MH),25°C
9.8,"Automată, Stație meteo ANM",2026-10-07 15:30:08,BAIA MARE (MM),24°C
9.81,"Automată, Stație meteo ANM",2026-10-07 15:30:46,TARGU MURES (MS),24°C
9.82,"Manuală, personal C.N.A.I.R.",2026-10-07 11:25:44,UNGHENI (MS),18°C
9.83,"Automată, Stație meteo ANM",2026-10-07 15:30:38,ROMAN (NT),24°C
9.84,"Automată, Stație meteo ANM",2026-10-07 15:30:34,PIATRA NEAMT (NT),23°C
9.85,"Automată, Stație meteo ANM",2026-10-07 15:30:47,TARGU NEAMT (NT),23°C
9.86,"Automată, Stație meteo ANM",2026-10-07 15:30:40,SLATINA (OT),26°C
9.87,"Automată, Stație meteo ANM",2026-10-07 15:30:17,CARACAL (OT),25°C
9.88,"Automată, Stație meteo ANM",2026-10-07 15:30:35,PLOIESTI (PH),26°C
9.89,"Automată, Stație meteo ANM",2026-10-07 15:30:16,CAMPINA (PH),24°C
9.9,"Manuală, personal C.N.A.I.R.",2026-10-07 11:25:45,SALISTE (SB),18°C
9.91,"Automată, Stație meteo ANM",2026-10-07 15:30:09,BALEA LAC (SB),10°C
9.92,"Automată, Stație meteo ANM",2026-10-07 15:30:40,SIBIU (SB),23°C
9.93,"Automată, Stație meteo ANM",2026-10-07 15:30:11,BOITA (SB),24°C
9.94,"Automată, Stație meteo ANM",2026-10-07 15:30:53,ZALAU (SJ),24°C
9.95,"Automată, Stație meteo ANM",2026-10-07 15:30:39,SATU MARE (SM),25°C
9.96,"Automată, Stație meteo ANM",2026-10-07 15:30:36,RADAUTI (SV),23°C
9.97,"Automată, Stație meteo ANM",2026-10-07 15:30:35,POIANA STAMPEI (SV),18°C
9.98,"Automată, Stație meteo ANM",2026-10-07 15:30:43,SUCEAVA (SV),23°C
9.99,"Automată, Stație meteo ANM",2026-10-07 15:30:51,TULCEA (TL),25°C
9.1,"Automată, Stație meteo ANM",2026-10-07 15:30:38,SANNICOLAU MARE (TM),27°C
9.101,"Automată, Stație meteo ANM",2026-10-07 15:30:50,TIMISOARA (TM),26°C
9.102,"Automată, Stație meteo ANM",2026-10-07 15:30:29,LUGOJ (TM),27°C
9.103,"Automată, Stație meteo ANM",2026-10-07 15:30:28,JIMBOLIA (TM),27°C
9.104,"Automată, Stație meteo ANM",2026-10-07 15:30:53,ZIMNICEA (TR),27°C
9.105,"Automată, Stație meteo ANM",2026-10-07 15:30:52,TURNU MAGURELE (TR),27°C
9.106,"Automată, Stație meteo ANM",2026-10-07 15:30:07,ALEXANDRIA (TR),27°C
9.107,"Automată, Stație meteo ANM",2026-10-07 15:30:38,ROSIORII DE VEDE (TR),26°C
9.108,"Automată, Stație meteo ANM",2026-10-07 15:30:21,DRAGASANI (VL),25°C
9.109,"Automată, Stație meteo ANM",2026-10-07 15:30:53,VOINEASA (VL),23°C
9.11,"Automată, Stație meteo ANM",2026-10-07 15:30:37,RAMNICU VALCEA (VL),25°C
9.111,"Automată, Stație meteo ANM",2026-10-07 15:30:06,ADJUD (VN),24°C
9.112,"Automată, Stație meteo ANM",2026-10-07 15:30:22,FOCSANI (VN),26°C
9.113,"Automată, Stație meteo ANM",2026-10-07 15:30:32,NEGRESTI (VASLUI) (VS),23°C
9.114,"Automată, Stație meteo ANM",2026-10-07 15:30:09,BARLAD (VS),24°C
9.115,"Automată, Stație meteo ANM",2026-10-07 15:30:52,VASLUI (VS),24°C
