slug,name,file,size,elapsed,status,error
listaAgentii,Lista agențiilor de turism licențiate,Lista-agențiilor-de-turism-licențiate-actualizată-la-28.09.2026.xlsx,399660,19.8,OK,
listaAgentiiRadiate,Lista agențiilor de turism a căror licență sau anexă a licenței a fost radiată,Lista-agențiilor-de-turism-a-căror-licență-sau-anexă-a-licenței-a-fost-radiată-actualizată-la-28.09.2026.xlsx,60032,13.7,OK,
listaAgentiiRetrase,Lista agențiilor de turism a căror licență sau anexă a licenței a fost retrasă,Lista-agențiilor-de-turism-a-căror-licență-sau-anexă-a-licenței-a-fost-retrasă-actualizată-la-28.09.2026.xlsx,46286,12.2,OK,
listaCazari,Lista structurilor de primire turistice cu funcțiuni de cazare,Lista-structurilor-de-primire-turistice-cu-funcțiuni-de-cazare-clasificate-actualizată-la-28.09.2026.xlsx,3876376,35.5,OK,
listaCazariRadiate,Lista structurilor de primire turistice cu funcțiuni de cazare radiate,Lista-structurilor-de-primire-turistice-cu-funcțiuni-de-cazare-ale-căror-certificate-de-clasificare-au-fost-radiate-actualizată-la-28.09.2026.xlsx,598372,9.1,OK,
listaCazariRetrase,Lista structurilor de primire turistice cu funcțiuni de cazare retrase,Lista-structurilor-de-primire-turistice-cu-funcțiuni-de-cazare-ale-căror-certificate-de-clasificare-au-fost-retrase-actualizată-la-28.09.2026.xlsx,47321,36.5,OK,
listaAlimentatie,Lista structurilor de primire turistice cu funcțiuni de alimentație publică,Lista-structurilor-de-primire-turistice-cu-funcțiuni-de-alimentație-publică-clasificate-actualizată-la-28.09.2026.xlsx,833335,28.5,OK,
listaAlimentatieRadiate,Lista structurilor de primire turistice cu funcțiuni de alimentație publică radiate,Lista-structurilor-de-primire-turistice-cu-funcțiuni-de-alimentație-publică-ale-căror-certificate-de-clasificare-au-fost-radiate-actualizată-la-28.09.2026.xlsx,276643,5.0,OK,
listaAlimentatieRetrase,Lista structurilor de primire turistice cu funcțiuni de alimentație publică retrase,Lista-structurilor-de-primire-turistice-cu-funcțiuni-de-alimentație-publică-ale-căror-certificate-de-clasificare-au-fost-retrase-actualizată-la-28.09.2026.xlsx,45438,2.3,OK,
listaPartii,Lista pârtiilor de schi omologate,Lista-pârtiilor-de-schi-omologate-actualizată-la-28.09.2026.xlsx,57081,2.5,OK,
listaStatiuni,"Lista localităților atestate ca stațiuni turistice de interes național, respectiv local","Lista-localităților-atestate-ca-stațiuni-turistice-de-interes-național,-respectiv-local-actualizată-la-28.09.2026.xlsx",47917,2.9,OK,
listaGhizi,Lista ghizilor de turism atestați,Lista-ghizilor-de-turism-atestați-actualizată-la-28.09.2026.xlsx,341661,5.3,OK,
listaCentreInformare,Lista Centrelor Naționale și Locale de Informare și Promovare Turistică acreditate,Lista-Centrelor-Naționale-și-Locale-de-Informare-și-Promovare-Turistică-acreditate-actualizată-la-28.09.2026.xlsx,54908,2.4,OK,
