id,administrator,tip_retea,data_anunt,data_inceput,data_sfarsit,id_z_tip_retele,id_v_ar_artere,artera,nr_postal,localizare,data_anuntx,type,geometry_type,Lat,Long
v_hip_avarii.fid-43f67e4f_1a0e3975ab6_1f6b,Administraţia Străzilor -  ,Reţea stradală,28.09.2026,28.09.2026,30.09.2026,8,125,Bulevardul Constructorilor,22-26,,2026-09-27T21:00:00Z,Feature,Point,44.45471871888821,26.04439821504693
v_hip_avarii.fid-43f67e4f_1a0e3975ab6_1f6c,Administraţia Străzilor -  ,Reţea stradală,28.09.2026,28.09.2026,30.09.2026,8,2265,Calea Griviţei,234,,2026-09-27T21:00:00Z,Feature,Point,44.469655327864466,26.05140845289816
v_hip_avarii.fid-43f67e4f_1a0e3975ab6_1f6d,Administraţia Străzilor -  ,Reţea stradală,28.09.2026,28.09.2026,30.09.2026,8,125,Bulevardul Constructorilor,4,,2026-09-27T21:00:00Z,Feature,Point,44.4617224926286,26.04071584211711
v_hip_avarii.fid-43f67e4f_1a0e3975ab6_1f6e,Administraţia Străzilor -  ,Reţea stradală,28.09.2026,28.09.2026,30.09.2026,8,125,Bulevardul Constructorilor,18,,2026-09-27T21:00:00Z,Feature,Point,44.45723631293762,26.04183336585219
v_hip_avarii.fid-43f67e4f_1a0e3975ab6_1f6f,Administraţia Străzilor -  ,Reţea stradală,28.09.2026,28.09.2026,30.09.2026,8,1823,Bulevardul Regina Elisabeta,67-69,,2026-09-27T21:00:00Z,Feature,Point,44.43451440902544,26.0893968849881
v_hip_avarii.fid-43f67e4f_1a0e3975ab6_1f70,Administraţia Străzilor -  ,Reţea stradală,28.09.2026,28.09.2026,30.09.2026,8,1664,Calea 13 Septembrie,33,,2026-09-27T21:00:00Z,Feature,Point,44.4245837026551,26.086242736394443
v_hip_avarii.fid-43f67e4f_1a0e3975ab6_1f71,Administraţia Străzilor -  ,Reţea stradală,28.09.2026,28.09.2026,30.09.2026,8,125,Bulevardul Constructorilor,10,,2026-09-27T21:00:00Z,Feature,Point,44.46051631477206,26.040399273557938
v_hip_avarii.fid-43f67e4f_1a0e3975ab6_1f72,Administraţia Străzilor -  ,Reţea stradală,28.09.2026,28.09.2026,30.09.2026,8,1730,Bulevardul Naţiunile Unite,1-7,,2026-09-27T21:00:00Z,Feature,Point,44.429973292453475,26.093297936591725
v_hip_avarii.fid-43f67e4f_1a0e3975ab6_1f73,Administraţia Străzilor -  ,Reţea stradală,28.09.2026,28.09.2026,30.09.2026,8,1730,Bulevardul Naţiunile Unite,4-8,,2026-09-27T21:00:00Z,Feature,Point,44.43014706441847,26.09333767098588
v_hip_avarii.fid-43f67e4f_1a0e3975ab6_1f74,Adm. Străzilor- Serv.Reglementarea Circulaţiei -  ,Reţea stradală,25.09.2026,25.09.2026,27.09.2026,8,2141,Bulevardul Octavian Goga,,intre Splaiul Unirii si Calea Vitan,2026-09-24T21:00:00Z,Feature,Point,44.42399442870729,26.12286888069526
v_hip_avarii.fid-43f67e4f_1a0e3975ab6_1f75,Adm. Străzilor- Serv.Reglementarea Circulaţiei -  ,Reţea stradală,25.09.2026,25.09.2026,27.09.2026,8,4,Bulevardul Nicolae Grigorescu,,intre Bd. Basarabia si Splaiul Unirii,2026-09-24T21:00:00Z,Feature,Point,44.4022020218485,26.149224137210233
v_hip_avarii.fid-43f67e4f_1a0e3975ab6_1f76,Adm. Străzilor- Serv.Reglementarea Circulaţiei -  ,Reţea stradală,25.09.2026,25.09.2026,27.09.2026,8,4014,Strada Vulturilor,,intre Str. Romulus si Str. Ion Pilat,2026-09-24T21:00:00Z,Feature,Point,44.42872334899671,26.1155141667535
v_hip_avarii.fid-43f67e4f_1a0e3975ab6_1f77,Adm. Străzilor- Serv.Reglementarea Circulaţiei -  ,Reţea stradală,28.09.2026,28.09.2026,30.09.2026,8,4,Bulevardul Nicolae Grigorescu,,intre Bd. Basarabia si Splaiul Unirii,2026-09-27T21:00:00Z,Feature,Point,44.40222116848632,26.149198179439704
v_hip_avarii.fid-43f67e4f_1a0e3975ab6_1f78,Adm. Străzilor- Serv.Reglementarea Circulaţiei -  ,Reţea stradală,28.09.2026,28.09.2026,30.09.2026,8,86,Strada Barbu Văcărescu,,intre Sos. Stefan cel Mare si Bd. Lacul Tei,2026-09-27T21:00:00Z,Feature,Point,44.4531355010509,26.10477212780003
v_hip_avarii.fid-43f67e4f_1a0e3975ab6_1f79,Adm. Străzilor- Serv.Reglementarea Circulaţiei -  ,Reţea stradală,28.09.2026,28.09.2026,30.09.2026,8,1730,Bulevardul Naţiunile Unite,,intre Piața Națiunile Unite si Str. B.P. Hașdeu,2026-09-27T21:00:00Z,Feature,Point,44.430462688667106,26.083802101111726
v_hip_avarii.fid-43f67e4f_1a0e3975ab6_1f7a,Distrigaz Sud - Sectoarele 1 si 2 -  ,Gaze,26.09.2026,26.09.2026,28.09.2026,3,945,Strada Aviaţiei,65A,,2026-09-25T21:00:00Z,Feature,Point,44.48508291717015,26.101030091637625
v_hip_avarii.fid-43f67e4f_1a0e3975ab6_1f7b,Distrigaz Sud - Sectoarele 1 si 2 -  ,Gaze,26.09.2026,26.09.2026,28.09.2026,3,5126,Bulevardul Mircea Veroiu,40,,2026-09-25T21:00:00Z,Feature,Point,44.49635406144207,26.098532263175944
v_hip_avarii.fid-43f67e4f_1a0e3975ab6_1f7c,Distrigaz Sud - Sectoarele 1 si 2 -  ,Gaze,26.09.2026,26.09.2026,28.09.2026,3,2416,Strada Sold. Savu Bâra,24,,2026-09-25T21:00:00Z,Feature,Point,44.474030166063976,26.143251532950963
v_hip_avarii.fid-43f67e4f_1a0e3975ab6_1f7d,Distrigaz Sud - Sectoarele 1 si 2 -  ,Gaze,27.09.2026,27.09.2026,29.09.2026,3,3598,Strada Ripiceni,,x Ion Berindei,2026-09-26T21:00:00Z,Feature,Point,44.46066633880501,26.130917884574455
v_hip_avarii.fid-43f67e4f_1a0e3975ab6_1f7e,Distrigaz Sud - Sectoarele 1 si 2 -  ,Gaze,26.09.2026,26.09.2026,28.09.2026,3,2702,Strada Minervei,25,,2026-09-25T21:00:00Z,Feature,Point,44.47758665168176,26.03709477048104
v_hip_avarii.fid-43f67e4f_1a0e3975ab6_1f7f,Distrigaz Sud - Sectoarele 1 si 2 -  ,Gaze,28.09.2026,28.09.2026,30.09.2026,3,2884,Strada Parângului,41,,2026-09-27T21:00:00Z,Feature,Point,44.47442348694103,26.049799482980692
v_hip_avarii.fid-43f67e4f_1a0e3975ab6_1f80,Distrigaz Sud - Sectoarele 1 si 2 -  ,Gaze,28.09.2026,28.09.2026,30.09.2026,3,2197,Strada Gheorghe Ştefan,6,,2026-09-27T21:00:00Z,Feature,Point,44.503771146303094,26.054353272005056
v_hip_avarii.fid-43f67e4f_1a0e3975ab6_1f81,Distrigaz Sud - Sectoarele 1 si 2 -  ,Gaze,25.09.2026,25.09.2026,27.09.2026,3,2537,Strada Ştirbei Vodă,166-168,spate bl. 20 C,2026-09-24T21:00:00Z,Feature,Point,44.43905635039622,26.07880322496127
v_hip_avarii.fid-43f67e4f_1a0e3975ab6_1f82,Distrigaz Sud - Sectoarele 1 si 2 -  ,Gaze,25.09.2026,25.09.2026,27.09.2026,3,3507,Strada Buneşti,10,,2026-09-24T21:00:00Z,Feature,Point,44.4874347508159,26.01333465193579
v_hip_avarii.fid-43f67e4f_1a0e3975ab6_1f83,Distrigaz Sud - Sectoarele 1 si 2 -  ,Gaze,25.09.2026,25.09.2026,27.09.2026,3,269,Strada Diaconu Coresi,16,,2026-09-24T21:00:00Z,Feature,Point,44.49100121233824,26.040690917094373
v_hip_avarii.fid-43f67e4f_1a0e3975ab6_1f84,Distrigaz Sud - Sectoarele 1 si 2 -  ,Gaze,25.09.2026,25.09.2026,27.09.2026,3,3507,Strada Buneşti,8,,2026-09-24T21:00:00Z,Feature,Point,44.48750610848989,26.01340030418861
v_hip_avarii.fid-43f67e4f_1a0e3975ab6_1f85,Distrigaz Sud - Sectoarele 1 si 2 -  ,Gaze,28.09.2026,28.09.2026,30.09.2026,3,4425,Strada Smaranda Brăescu,,x Sos. Pipera,2026-09-27T21:00:00Z,Feature,Point,44.47926646366533,26.094370575493514
v_hip_avarii.fid-43f67e4f_1a0e3975ab6_1f86,Distrigaz Sud - Sectoarele 1 si 2 -  ,Gaze,28.09.2026,28.09.2026,30.09.2026,3,3076,Strada Sold. Adrian Pătru,7A,,2026-09-27T21:00:00Z,Feature,Point,44.48859112091147,26.01068017854492
v_hip_avarii.fid-43f67e4f_1a0e3975ab6_1f87,Distrigaz Sud - Sectoarele 1 si 2 -  ,Gaze,28.09.2026,28.09.2026,30.09.2026,3,1701,Şoseaua Pantelimon,354,spate bloc 2 sc. 6,2026-09-27T21:00:00Z,Feature,Point,44.44076331988384,26.179051030027626
v_hip_avarii.fid-43f67e4f_1a0e3975ab6_1f88,Distrigaz Sud- Sectoarele 3 şi 4 -  ,Gaze,27.09.2026,27.09.2026,29.09.2026,3,1442,Piaţa Gara Filaret,1,,2026-09-26T21:00:00Z,Feature,Point,44.41583215995235,26.09211501199424
v_hip_avarii.fid-43f67e4f_1a0e3975ab6_1f89,Distrigaz Sud- Sectoarele 3 şi 4 -  ,Gaze,25.09.2026,25.09.2026,27.09.2026,3,887,Aleea Mioara Luiza Mirea,1A,,2026-09-24T21:00:00Z,Feature,Point,44.3903504534264,26.115287761375832
v_hip_avarii.fid-43f67e4f_1a0e3975ab6_1f8a,Distrigaz Sud- Sectoarele 3 şi 4 -  ,Gaze,25.09.2026,25.09.2026,27.09.2026,3,2326,Strada Anton Pann,42-44,,2026-09-24T21:00:00Z,Feature,Point,44.42791091062889,26.114477965192556
v_hip_avarii.fid-43f67e4f_1a0e3975ab6_1f8b,Distrigaz Sud- Sectoarele 3 şi 4 -  ,Gaze,25.09.2026,25.09.2026,27.09.2026,3,153,Strada Negostina,40,,2026-09-24T21:00:00Z,Feature,Point,44.42686786470279,26.20497275026531
v_hip_avarii.fid-43f67e4f_1a0e3975ab6_1f8c,Distrigaz Sud- Sectoarele 3 şi 4 -  ,Gaze,25.09.2026,25.09.2026,27.09.2026,3,153,Strada Negostina,50,,2026-09-24T21:00:00Z,Feature,Point,44.42641056584828,26.204754939361276
v_hip_avarii.fid-43f67e4f_1a0e3975ab6_1f8d,Distrigaz Sud- Sectoarele 3 şi 4 -  ,Gaze,25.09.2026,25.09.2026,27.09.2026,3,3708,Strada Nicolae Roşu,34,,2026-09-24T21:00:00Z,Feature,Point,44.432160476006665,26.20354196461599
v_hip_avarii.fid-43f67e4f_1a0e3975ab6_1f8e,Distrigaz Sud- Sectoarele 3 şi 4 -  ,Gaze,28.09.2026,28.09.2026,30.09.2026,3,153,Strada Negostina,50,,2026-09-27T21:00:00Z,Feature,Point,44.42641056584828,26.204754939361276
v_hip_avarii.fid-43f67e4f_1a0e3975ab6_1f8f,Distrigaz Sud- Sectoarele 3 şi 4 -  ,Gaze,28.09.2026,28.09.2026,30.09.2026,3,101,Drumul Găzarului,34-36,bl. 138 sc. 1,2026-09-27T21:00:00Z,Feature,Point,44.387815775061455,26.10078386400545
v_hip_avarii.fid-43f67e4f_1a0e3975ab6_1f90,Distrigaz Sud- Sectoarele 3 şi 4 -  ,Gaze,28.09.2026,28.09.2026,30.09.2026,3,101,Drumul Găzarului,34-36,bl. 138 sc. 2,2026-09-27T21:00:00Z,Feature,Point,44.38795475906863,26.10059525764778
v_hip_avarii.fid-43f67e4f_1a0e3975ab6_1f91,Distrigaz Sud- Sectoarele 3 şi 4 -  ,Gaze,28.09.2026,28.09.2026,30.09.2026,3,887,Aleea Mioara Luiza Mirea,1A,,2026-09-27T21:00:00Z,Feature,Point,44.3903504534264,26.115287761375832
v_hip_avarii.fid-43f67e4f_1a0e3975ab6_1f92,Distrigaz Sud- Sectoarele 3 şi 4 -  ,Gaze,28.09.2026,28.09.2026,30.09.2026,3,153,Strada Negostina,40,,2026-09-27T21:00:00Z,Feature,Point,44.42686786470279,26.20497275026531
v_hip_avarii.fid-43f67e4f_1a0e3975ab6_1f93,Distrigaz Sud- Sectoarele 3 şi 4 -  ,Gaze,28.09.2026,28.09.2026,30.09.2026,3,194,Bulevardul Theodor Pallady,,x Lemnisorului,2026-09-27T21:00:00Z,Feature,Point,44.409849375912664,26.1785797328129
v_hip_avarii.fid-43f67e4f_1a0e3975ab6_1f94,Distrigaz Sud- Sectoarele 5 si 6 -  ,Gaze,26.09.2026,26.09.2026,28.09.2026,3,1645,Intrarea Ogradei,5,,2026-09-25T21:00:00Z,Feature,Point,44.389380123395924,26.090013505764688
v_hip_avarii.fid-43f67e4f_1a0e3975ab6_1f95,Distrigaz Sud- Sectoarele 5 si 6 -  ,Gaze,26.09.2026,26.09.2026,28.09.2026,3,329,Şoseaua Sălaj,175,Vel Pitar,2026-09-25T21:00:00Z,Feature,Point,44.40485903448487,26.074637801955436
v_hip_avarii.fid-43f67e4f_1a0e3975ab6_1f96,Distrigaz Sud- Sectoarele 5 si 6 -  ,Gaze,27.09.2026,27.09.2026,29.09.2026,3,188,Drumul Taberei,37A ,bl. 802,2026-09-26T21:00:00Z,Feature,Point,44.42224269685768,26.03903065155649
v_hip_avarii.fid-43f67e4f_1a0e3975ab6_1f97,Distrigaz Sud- Sectoarele 5 si 6 -  ,Gaze,25.09.2026,25.09.2026,27.09.2026,3,210,Strada Oltului,1,,2026-09-24T21:00:00Z,Feature,Point,44.40254494197034,26.06728161098735
v_hip_avarii.fid-43f67e4f_1a0e3975ab6_1f98,Distrigaz Sud- Sectoarele 5 si 6 -  ,Gaze,25.09.2026,25.09.2026,27.09.2026,3,2560,Strada Economu Atanase Stoicescu,25,,2026-09-24T21:00:00Z,Feature,Point,44.44214319298324,26.05557663748812
v_hip_avarii.fid-43f67e4f_1a0e3975ab6_1f99,Distrigaz Sud- Sectoarele 5 si 6 -  ,Gaze,25.09.2026,25.09.2026,27.09.2026,3,128,Bulevardul Iuliu Maniu,,x Geniului,2026-09-24T21:00:00Z,Feature,Point,44.43442246515678,26.059648324743176
v_hip_avarii.fid-43f67e4f_1a0e3975ab6_1f9a,Distrigaz Sud- Sectoarele 5 si 6 -  ,Gaze,28.09.2026,28.09.2026,30.09.2026,3,2560,Strada Economu Atanase Stoicescu,25,,2026-09-27T21:00:00Z,Feature,Point,44.44214319298324,26.05557663748812
v_hip_avarii.fid-43f67e4f_1a0e3975ab6_1f9b,Distrigaz Sud- Sectoarele 5 si 6 -  ,Gaze,28.09.2026,28.09.2026,30.09.2026,3,4452,Strada Cartojani,4,"bl. 55A, sc. 2",2026-09-27T21:00:00Z,Feature,Point,44.40492054200426,26.075672598355915
v_hip_avarii.fid-43f67e4f_1a0e3975ab6_1f9c,Distrigaz Sud- Sectoarele 5 si 6 -  ,Gaze,25.09.2026,25.09.2026,27.09.2026,3,1738,Splaiul Independenţei,103,,2026-09-24T21:00:00Z,Feature,Point,44.43355173713755,26.081764254727315
v_hip_avarii.fid-43f67e4f_1a0e3975ab6_1f9d,Distrigaz Sud- Sectoarele 5 si 6 -  ,Gaze,28.09.2026,28.09.2026,30.09.2026,3,210,Strada Oltului,1,,2026-09-27T21:00:00Z,Feature,Point,44.40254494197034,26.06728161098735
v_hip_avarii.fid-43f67e4f_1a0e3975ab6_1f9e,Apa Nova  - Directia Retele Apa - Zona 1,Apă potabilă,25.09.2026,25.09.2026,27.09.2026,1,149,Strada George Călinescu,55,,2026-09-24T21:00:00Z,Feature,Point,44.46214551950127,26.099732192304856
v_hip_avarii.fid-43f67e4f_1a0e3975ab6_1f9f,Apa Nova  - Directia Retele Apa - Zona 1,Apă potabilă,25.09.2026,25.09.2026,27.09.2026,1,2174,Strada Zinca Golescu,33,,2026-09-24T21:00:00Z,Feature,Point,44.45068026619233,26.056327688424773
v_hip_avarii.fid-43f67e4f_1a0e3975ab6_1fa0,Apa Nova - Directia Retele Canal - Zona 1,Canalizare,28.09.2026,28.09.2026,30.09.2026,2,2150,Strada Virgil Pleşoianu,45,,2026-09-27T21:00:00Z,Feature,Point,44.46134934840825,26.06579060631307
v_hip_avarii.fid-43f67e4f_1a0e3975ab6_1fa1,Apa Nova - Directia Retele Canal - Zona 1,Canalizare,25.09.2026,25.09.2026,27.09.2026,2,167,Bulevardul Ion Mihalache,317,,2026-09-24T21:00:00Z,Feature,Point,44.469069468457576,26.056666587396126
v_hip_avarii.fid-43f67e4f_1a0e3975ab6_1fa2,Apa Nova - Directia Retele Canal - Zona 1,Canalizare,25.09.2026,25.09.2026,27.09.2026,2,2871,Strada Sibiu,9,,2026-09-24T21:00:00Z,Feature,Point,44.4233633240061,26.04734876297787
v_hip_avarii.fid-43f67e4f_1a0e3975ab6_1fa3,Apa Nova - Directia Retele Canal - Zona 1,Canalizare,25.09.2026,25.09.2026,27.09.2026,2,4365,Bulevardul Mircea Eliade,10,,2026-09-24T21:00:00Z,Feature,Point,44.47049529595762,26.09032244965617
v_hip_avarii.fid-43f67e4f_1a0e3975ab6_1fa4,Apa Nova - Directia Retele Canal - Zona 1,Canalizare,25.09.2026,25.09.2026,27.09.2026,2,2548,Strada Lotru,36,,2026-09-24T21:00:00Z,Feature,Point,44.467891916855926,26.055719898317374
v_hip_avarii.fid-43f67e4f_1a0e3975ab6_1fa5,Apa Nova - Directia Retele Canal - Zona 1,Canalizare,25.09.2026,25.09.2026,27.09.2026,2,2689,Strada Crinului,18,,2026-09-24T21:00:00Z,Feature,Point,44.48491148348571,26.040106388010297
v_hip_avarii.fid-43f67e4f_1a0e3975ab6_1fa6,Apa Nova - Directia Retele Canal - Zona 1,Canalizare,28.09.2026,28.09.2026,30.09.2026,2,4365,Bulevardul Mircea Eliade,10,,2026-09-27T21:00:00Z,Feature,Point,44.47049529595762,26.09032244965617
v_hip_avarii.fid-43f67e4f_1a0e3975ab6_1fa7,Apa Nova - Directia Retele Canal - Zona 1,Canalizare,28.09.2026,28.09.2026,30.09.2026,2,2548,Strada Lotru,36,,2026-09-27T21:00:00Z,Feature,Point,44.467891916855926,26.055719898317374
v_hip_avarii.fid-43f67e4f_1a0e3975ab6_1fa8,Apa Nova - Directia Retele Canal - Zona 1,Canalizare,28.09.2026,28.09.2026,30.09.2026,2,2871,Strada Sibiu,9,,2026-09-27T21:00:00Z,Feature,Point,44.4233633240061,26.04734876297787
v_hip_avarii.fid-43f67e4f_1a0e3975ab6_1fa9,Apa Nova - Directia Retele Canal - Zona 1,Canalizare,28.09.2026,28.09.2026,30.09.2026,2,2577,Strada George Mihai Zamfirescu,35,,2026-09-27T21:00:00Z,Feature,Point,44.45185070544958,26.05226364888752
v_hip_avarii.fid-43f67e4f_1a0e3975ab6_1faa,Apa Nova - Directia Retele Canal - Zona 1,Canalizare,28.09.2026,28.09.2026,30.09.2026,2,2511,Strada Portăreşti,11,,2026-09-27T21:00:00Z,Feature,Point,44.45183343025678,26.053199831132567
v_hip_avarii.fid-43f67e4f_1a0e3975ab6_1fab,Apa Nova - Directia Retele Canal - Zona 1,Canalizare,28.09.2026,28.09.2026,30.09.2026,2,1770,Strada Constantin Caracaş,2,,2026-09-27T21:00:00Z,Feature,Point,44.453763328070806,26.079952939023606
v_hip_avarii.fid-43f67e4f_1a0e3975ab6_1fac,Apa Nova - Directia Retele Canal - Zona 1,Canalizare,28.09.2026,28.09.2026,30.09.2026,2,2689,Strada Crinului,16,,2026-09-27T21:00:00Z,Feature,Point,44.484944355632805,26.040185550658908
v_hip_avarii.fid-43f67e4f_1a0e3975ab6_1fad,Apa Nova - Directia Retele Canal - Zona 1,Canalizare,28.09.2026,28.09.2026,30.09.2026,2,2659,Strada Izbiceni,11,,2026-09-27T21:00:00Z,Feature,Point,44.48934858142229,26.046383939158527
v_hip_avarii.fid-43f67e4f_1a0e3975ab6_1fae,Apa Nova - Directia Retele Canal - Zona 1,Canalizare,28.09.2026,28.09.2026,30.09.2026,2,2810,Strada Dr. Iacob Felix,101,sc. A,2026-09-27T21:00:00Z,Feature,Point,44.45552650613425,26.07977385373793
v_hip_avarii.fid-43f67e4f_1a0e3975ab6_1faf,Apa Nova - Directia Retele Apa - Zona 2,Apă potabilă,25.09.2026,25.09.2026,27.09.2026,1,3337,Strada Dimitrie Racoviţă,19,,2026-09-24T21:00:00Z,Feature,Point,44.43731745649795,26.115900375166582
v_hip_avarii.fid-43f67e4f_1a0e3975ab6_1fb0,Apa Nova - Directia Retele Apa - Zona 2,Apă potabilă,25.09.2026,25.09.2026,27.09.2026,1,3772,Strada Magnetului,50,x Nicolae Rosu,2026-09-24T21:00:00Z,Feature,Point,44.43473910953471,26.196275356413977
v_hip_avarii.fid-43f67e4f_1a0e3975ab6_1fb1,Apa Nova - Directia Retele Apa - Zona 2,Apă potabilă,27.09.2026,27.09.2026,29.09.2026,1,3482,Strada Chilioara,19A,,2026-09-26T21:00:00Z,Feature,Point,44.4351452428188,26.198966371205053
v_hip_avarii.fid-43f67e4f_1a0e3975ab6_1fb2,Apa Nova - Directia Retele Apa - Zona 2,Apă potabilă,25.09.2026,25.09.2026,27.09.2026,1,3365,Strada Mămulari,2,bl. C1,2026-09-24T21:00:00Z,Feature,Point,44.42855066534256,26.10742159833373
v_hip_avarii.fid-43f67e4f_1a0e3975ab6_1fb3,Apa Nova - Directia Retele Apa - Zona 2,Apă potabilă,25.09.2026,25.09.2026,27.09.2026,1,4242,Strada Ciberneticii,40,,2026-09-24T21:00:00Z,Feature,Point,44.482368979829,26.142469965825068
v_hip_avarii.fid-43f67e4f_1a0e3975ab6_1fb4,Apa Nova - Directia Retele Apa - Zona 2,Apă potabilă,27.09.2026,27.09.2026,29.09.2026,1,1940,Strada Serg. Maj. Simion Busuioc,48,,2026-09-26T21:00:00Z,Feature,Point,44.47631249332582,26.16776706931086
v_hip_avarii.fid-43f67e4f_1a0e3975ab6_1fb5,Apa Nova - Directia Retele Canal - Zona 2,Canalizare,25.09.2026,25.09.2026,27.09.2026,2,3608,Bulevardul Basarabia,48,,2026-09-24T21:00:00Z,Feature,Point,44.432531178443966,26.144173609694036
v_hip_avarii.fid-43f67e4f_1a0e3975ab6_1fb6,Apa Nova - Directia Retele Canal - Zona 2,Canalizare,25.09.2026,25.09.2026,27.09.2026,2,117,Strada Feteşti,48A,,2026-09-24T21:00:00Z,Feature,Point,44.412783806233044,26.18679246019324
v_hip_avarii.fid-43f67e4f_1a0e3975ab6_1fb7,Apa Nova - Directia Retele Canal - Zona 2,Canalizare,25.09.2026,25.09.2026,27.09.2026,2,4,Bulevardul Nicolae Grigorescu,7,,2026-09-24T21:00:00Z,Feature,Point,44.43297195450158,26.16099626098906
v_hip_avarii.fid-43f67e4f_1a0e3975ab6_1fb8,Apa Nova - Directia Retele Canal - Zona 2,Canalizare,25.09.2026,25.09.2026,27.09.2026,2,4,Bulevardul Nicolae Grigorescu,9,,2026-09-24T21:00:00Z,Feature,Point,44.43262394231625,26.161113947669833
v_hip_avarii.fid-43f67e4f_1a0e3975ab6_1fb9,Apa Nova - Directia Retele Canal - Zona 2,Canalizare,25.09.2026,25.09.2026,27.09.2026,2,3982,Strada Oteşani,22,,2026-09-24T21:00:00Z,Feature,Point,44.45936711596461,26.12186834784778
v_hip_avarii.fid-43f67e4f_1a0e3975ab6_1fba,Apa Nova - Directia Retele Canal - Zona 2,Canalizare,25.09.2026,25.09.2026,27.09.2026,2,3346,Strada Alexandru Donici,2,corp B,2026-09-24T21:00:00Z,Feature,Point,44.44151573030676,26.11064515533724
v_hip_avarii.fid-43f67e4f_1a0e3975ab6_1fbb,Apa Nova - Directia Retele Canal - Zona 2,Canalizare,26.09.2026,26.09.2026,28.09.2026,2,133,Bulevardul Lacul Tei,67 - 69,,2026-09-25T21:00:00Z,Feature,Point,44.45935701336521,26.112168221351556
v_hip_avarii.fid-43f67e4f_1a0e3975ab6_1fbc,Apa Nova - Directia Retele Canal - Zona 2,Canalizare,26.09.2026,26.09.2026,28.09.2026,2,133,Bulevardul Lacul Tei,25,,2026-09-25T21:00:00Z,Feature,Point,44.45840884070733,26.109636306172302
v_hip_avarii.fid-43f67e4f_1a0e3975ab6_1fbd,Apa Nova - Directia Retele Canal - Zona 2,Canalizare,28.09.2026,28.09.2026,30.09.2026,2,4262,Şoseaua Mihai Bravu,300,,2026-09-27T21:00:00Z,Feature,Point,44.42520787233174,26.137243153435616
v_hip_avarii.fid-43f67e4f_1a0e3975ab6_1fbe,Apa Nova - Directia Retele Canal - Zona 2,Canalizare,28.09.2026,28.09.2026,30.09.2026,2,4097,Strada Alexandru Philippide,6,,2026-09-27T21:00:00Z,Feature,Point,44.447095911856465,26.10404843375724
v_hip_avarii.fid-43f67e4f_1a0e3975ab6_1fbf,Apa Nova - Directia Retele Canal - Zona 2,Canalizare,28.09.2026,28.09.2026,30.09.2026,2,3982,Strada Oteşani,22,,2026-09-27T21:00:00Z,Feature,Point,44.45936711596461,26.12186834784778
v_hip_avarii.fid-43f67e4f_1a0e3975ab6_1fc0,Apa Nova - Directia Retele Canal - Zona 2,Canalizare,28.09.2026,28.09.2026,30.09.2026,2,1550,Strada Sold. Ştefan Constantin,2,,2026-09-27T21:00:00Z,Feature,Point,44.40783438320752,26.163234057050722
v_hip_avarii.fid-43f67e4f_1a0e3975ab6_1fc1,Apa Nova - Directia Retele Canal - Zona 2,Canalizare,28.09.2026,28.09.2026,30.09.2026,2,4262,Şoseaua Mihai Bravu,294,,2026-09-27T21:00:00Z,Feature,Point,44.426335615068936,26.13739845655354
v_hip_avarii.fid-43f67e4f_1a0e3975ab6_1fc2,Apa Nova - Directia Retele Canal - Zona 2,Canalizare,28.09.2026,28.09.2026,30.09.2026,2,3547,Şoseaua Colentina,27A,bl. 7,2026-09-27T21:00:00Z,Feature,Point,44.45663537779624,26.129397035604576
v_hip_avarii.fid-43f67e4f_1a0e3975ab6_1fc3,Apa Nova - Directia Retele Canal - Zona 2,Canalizare,28.09.2026,28.09.2026,30.09.2026,2,3661,Strada Vasile Lucaciu,27,,2026-09-27T21:00:00Z,Feature,Point,44.4315262889884,26.11621153948783
v_hip_avarii.fid-43f67e4f_1a0e3975ab6_1fc4,Apa Nova - Directia Retele Canal - Zona 2,Canalizare,28.09.2026,28.09.2026,30.09.2026,2,3346,Strada Alexandru Donici,2,corp B,2026-09-27T21:00:00Z,Feature,Point,44.44151573030676,26.11064515533724
v_hip_avarii.fid-43f67e4f_1a0e3975ab6_1fc5,Apa Nova - Directia Retele Canal - Zona 2,Canalizare,28.09.2026,28.09.2026,30.09.2026,2,1701,Şoseaua Pantelimon,244,,2026-09-27T21:00:00Z,Feature,Point,44.44303905203511,26.153386043259996
v_hip_avarii.fid-43f67e4f_1a0e3975ab6_1fc6,Apa Nova - Directia Retele Apa - Zona 3,Apă potabilă,25.09.2026,25.09.2026,27.09.2026,1,1264,Strada Osiris,30,,2026-09-24T21:00:00Z,Feature,Point,44.39077962041561,26.03363813292163
v_hip_avarii.fid-43f67e4f_1a0e3975ab6_1fc7,Apa Nova - Directia Retele Apa - Zona 3,Apă potabilă,25.09.2026,25.09.2026,27.09.2026,1,770,Strada Cercetătorilor,13,,2026-09-24T21:00:00Z,Feature,Point,44.390195559072474,26.132731366914864
v_hip_avarii.fid-43f67e4f_1a0e3975ab6_1fc8,Apa Nova - Directia Retele Apa - Zona 3,Apă potabilă,25.09.2026,25.09.2026,27.09.2026,1,411,Strada Podarului,29,,2026-09-24T21:00:00Z,Feature,Point,44.38527696789831,26.11484880410062
v_hip_avarii.fid-43f67e4f_1a0e3975ab6_1fc9,Apa Nova - Directia Retele Apa - Zona 3,Apă potabilă,25.09.2026,25.09.2026,27.09.2026,1,2674,Şoseaua Alexandria,90,,2026-09-24T21:00:00Z,Feature,Point,44.40277663371138,26.055849827850068
v_hip_avarii.fid-43f67e4f_1a0e3975ab6_1fca,Apa Nova - Directia Retele Apa - Zona 3,Apă potabilă,26.09.2026,26.09.2026,28.09.2026,1,223,Strada Străduinţei,,x Al. Niculitel,2026-09-25T21:00:00Z,Feature,Point,44.38281155461491,26.12103739981808
v_hip_avarii.fid-43f67e4f_1a0e3975ab6_1fcb,Apa Nova - Directia Retele Apa - Zona 3,Apă potabilă,27.09.2026,27.09.2026,29.09.2026,1,2793,Strada Moţoc,2,,2026-09-26T21:00:00Z,Feature,Point,44.41601855888078,26.067344522039093
v_hip_avarii.fid-43f67e4f_1a0e3975ab6_1fcc,Apa Nova - Directia Retele Apa - Zona 3,Apă potabilă,25.09.2026,25.09.2026,27.09.2026,1,2948,Strada Şerbota,3,,2026-09-24T21:00:00Z,Feature,Point,44.417739927311644,26.060916936453573
v_hip_avarii.fid-43f67e4f_1a0e3975ab6_1fcd,Apa Nova - Directia Retele Canal - Zona 3,Canalizare,28.09.2026,28.09.2026,30.09.2026,2,1434,Strada Piscului,1,,2026-09-27T21:00:00Z,Feature,Point,44.41225933123034,26.113097292214245
v_hip_avarii.fid-43f67e4f_1a0e3975ab6_1fce,Apa Nova - Directia Retele Canal - Zona 3,Canalizare,28.09.2026,28.09.2026,30.09.2026,2,3151,Strada Serg.  Niţu Vasile,36,,2026-09-27T21:00:00Z,Feature,Point,44.390924193116156,26.11939611005226
